[{"model": "admin.logentry", "pk": 1, "fields": {"action_time": "2025-08-05T15:37:21.912Z", "user": 1, "content_type": 10, "object_id": "1", "object_repr": "Raskhod object (1)", "action_flag": 2, "change_message": "[{\"changed\": {\"fields\": [\"Date\"]}}]"}}, {"model": "auth.permission", "pk": 1, "fields": {"name": "Can add log entry", "content_type": 1, "codename": "add_logentry"}}, {"model": "auth.permission", "pk": 2, "fields": {"name": "Can change log entry", "content_type": 1, "codename": "change_logentry"}}, {"model": "auth.permission", "pk": 3, "fields": {"name": "Can delete log entry", "content_type": 1, "codename": "delete_logentry"}}, {"model": "auth.permission", "pk": 4, "fields": {"name": "Can view log entry", "content_type": 1, "codename": "view_logentry"}}, {"model": "auth.permission", "pk": 5, "fields": {"name": "Can add permission", "content_type": 2, "codename": "add_permission"}}, {"model": "auth.permission", "pk": 6, "fields": {"name": "Can change permission", "content_type": 2, "codename": "change_permission"}}, {"model": "auth.permission", "pk": 7, "fields": {"name": "Can delete permission", "content_type": 2, "codename": "delete_permission"}}, {"model": "auth.permission", "pk": 8, "fields": {"name": "Can view permission", "content_type": 2, "codename": "view_permission"}}, {"model": "auth.permission", "pk": 9, "fields": {"name": "Can add group", "content_type": 3, "codename": "add_group"}}, {"model": "auth.permission", "pk": 10, "fields": {"name": "Can change group", "content_type": 3, "codename": "change_group"}}, {"model": "auth.permission", "pk": 11, "fields": {"name": "Can delete group", "content_type": 3, "codename": "delete_group"}}, {"model": "auth.permission", "pk": 12, "fields": {"name": "Can view group", "content_type": 3, "codename": "view_group"}}, {"model": "auth.permission", "pk": 13, "fields": {"name": "Can add content type", "content_type": 4, "codename": "add_contenttype"}}, {"model": "auth.permission", "pk": 14, "fields": {"name": "Can change content type", "content_type": 4, "codename": "change_contenttype"}}, {"model": "auth.permission", "pk": 15, "fields": {"name": "Can delete content type", "content_type": 4, "codename": "delete_contenttype"}}, {"model": "auth.permission", "pk": 16, "fields": {"name": "Can view content type", "content_type": 4, "codename": "view_contenttype"}}, {"model": "auth.permission", "pk": 17, "fields": {"name": "Can add session", "content_type": 5, "codename": "add_session"}}, {"model": "auth.permission", "pk": 18, "fields": {"name": "Can change session", "content_type": 5, "codename": "change_session"}}, {"model": "auth.permission", "pk": 19, "fields": {"name": "Can delete session", "content_type": 5, "codename": "delete_session"}}, {"model": "auth.permission", "pk": 20, "fields": {"name": "Can view session", "content_type": 5, "codename": "view_session"}}, {"model": "auth.permission", "pk": 21, "fields": {"name": "Can add auto", "content_type": 6, "codename": "add_auto"}}, {"model": "auth.permission", "pk": 22, "fields": {"name": "Can change auto", "content_type": 6, "codename": "change_auto"}}, {"model": "auth.permission", "pk": 23, "fields": {"name": "Can delete auto", "content_type": 6, "codename": "delete_auto"}}, {"model": "auth.permission", "pk": 24, "fields": {"name": "Can view auto", "content_type": 6, "codename": "view_auto"}}, {"model": "auth.permission", "pk": 25, "fields": {"name": "Can add avans", "content_type": 7, "codename": "add_avans"}}, {"model": "auth.permission", "pk": 26, "fields": {"name": "Can change avans", "content_type": 7, "codename": "change_avans"}}, {"model": "auth.permission", "pk": 27, "fields": {"name": "Can delete avans", "content_type": 7, "codename": "delete_avans"}}, {"model": "auth.permission", "pk": 28, "fields": {"name": "Can view avans", "content_type": 7, "codename": "view_avans"}}, {"model": "auth.permission", "pk": 29, "fields": {"name": "Can add client", "content_type": 8, "codename": "add_client"}}, {"model": "auth.permission", "pk": 30, "fields": {"name": "Can change client", "content_type": 8, "codename": "change_client"}}, {"model": "auth.permission", "pk": 31, "fields": {"name": "Can delete client", "content_type": 8, "codename": "delete_client"}}, {"model": "auth.permission", "pk": 32, "fields": {"name": "Can view client", "content_type": 8, "codename": "view_client"}}, {"model": "auth.permission", "pk": 33, "fields": {"name": "Can add oplata", "content_type": 9, "codename": "add_oplata"}}, {"model": "auth.permission", "pk": 34, "fields": {"name": "Can change oplata", "content_type": 9, "codename": "change_oplata"}}, {"model": "auth.permission", "pk": 35, "fields": {"name": "Can delete oplata", "content_type": 9, "codename": "delete_oplata"}}, {"model": "auth.permission", "pk": 36, "fields": {"name": "Can view oplata", "content_type": 9, "codename": "view_oplata"}}, {"model": "auth.permission", "pk": 37, "fields": {"name": "Can add raskhod", "content_type": 10, "codename": "add_raskhod"}}, {"model": "auth.permission", "pk": 38, "fields": {"name": "Can change raskhod", "content_type": 10, "codename": "change_raskhod"}}, {"model": "auth.permission", "pk": 39, "fields": {"name": "Can delete raskhod", "content_type": 10, "codename": "delete_raskhod"}}, {"model": "auth.permission", "pk": 40, "fields": {"name": "Can view raskhod", "content_type": 10, "codename": "view_raskhod"}}, {"model": "auth.permission", "pk": 41, "fields": {"name": "Can add Заказ-наряд", "content_type": 11, "codename": "add_zakaznaryad"}}, {"model": "auth.permission", "pk": 42, "fields": {"name": "Can change Заказ-наряд", "content_type": 11, "codename": "change_zakaznaryad"}}, {"model": "auth.permission", "pk": 43, "fields": {"name": "Can delete Заказ-наряд", "content_type": 11, "codename": "delete_zakaznaryad"}}, {"model": "auth.permission", "pk": 44, "fields": {"name": "Can view Заказ-наряд", "content_type": 11, "codename": "view_zakaznaryad"}}, {"model": "auth.permission", "pk": 45, "fields": {"name": "Can add user", "content_type": 12, "codename": "add_user"}}, {"model": "auth.permission", "pk": 46, "fields": {"name": "Can change user", "content_type": 12, "codename": "change_user"}}, {"model": "auth.permission", "pk": 47, "fields": {"name": "Can delete user", "content_type": 12, "codename": "delete_user"}}, {"model": "auth.permission", "pk": 48, "fields": {"name": "Can view user", "content_type": 12, "codename": "view_user"}}, {"model": "contenttypes.contenttype", "pk": 1, "fields": {"app_label": "admin", "model": "logentry"}}, {"model": "contenttypes.contenttype", "pk": 2, "fields": {"app_label": "auth", "model": "permission"}}, {"model": "contenttypes.contenttype", "pk": 3, "fields": {"app_label": "auth", "model": "group"}}, {"model": "contenttypes.contenttype", "pk": 4, "fields": {"app_label": "contenttypes", "model": "contenttype"}}, {"model": "contenttypes.contenttype", "pk": 5, "fields": {"app_label": "sessions", "model": "session"}}, {"model": "contenttypes.contenttype", "pk": 6, "fields": {"app_label": "kuzov", "model": "auto"}}, {"model": "contenttypes.contenttype", "pk": 7, "fields": {"app_label": "kuzov", "model": "avans"}}, {"model": "contenttypes.contenttype", "pk": 8, "fields": {"app_label": "kuzov", "model": "client"}}, {"model": "contenttypes.contenttype", "pk": 9, "fields": {"app_label": "kuzov", "model": "oplata"}}, {"model": "contenttypes.contenttype", "pk": 10, "fields": {"app_label": "kuzov", "model": "raskhod"}}, {"model": "contenttypes.contenttype", "pk": 11, "fields": {"app_label": "kuzov", "model": "zakaznaryad"}}, {"model": "contenttypes.contenttype", "pk": 12, "fields": {"app_label": "users", "model": "user"}}, {"model": "sessions.session", "pk": "5gwh8cbrx4j9nzrc58kl9s863a8iwqq7", "fields": {"session_data": ".eJxVjDEOwjAQBP_iGlmcfE4cSnreEK3PZxxAiRQnFeLvyFIKaHdm9m1G7FsZ96rrOCVzMWxOv1uEPHVuID0w3xcry7ytU7RNsQet9rYkfV0P9--goJZWM9Sx64VzB5YctPMxqJNAHYXEjnqoP1NyLAPg4TM40QDhSBlkPl_2CziE:1ukOGL:Q9_IRPd7QCcT-xwqCNfNlDLPaYAvzDMFs2wLaSlEf9Q", "expire_date": "2025-08-22T14:40:05.721Z"}}, {"model": "kuzov.auto", "pk": 1, "fields": {"marka": "РАСХОДЫ СТО", "gos_num": "А312АА03", "photo": "", "time_create": "2025-07-29T14:16:56.325Z", "time_update": "2025-07-29T14:16:56.325Z"}}, {"model": "kuzov.auto", "pk": 2, "fields": {"marka": "Toyota Chaser", "gos_num": "Р555ОН03", "photo": "", "time_create": "2025-07-29T14:20:59.883Z", "time_update": "2025-07-29T14:20:59.883Z"}}, {"model": "kuzov.auto", "pk": 3, "fields": {"marka": "TS", "gos_num": "111", "photo": "", "time_create": "2025-08-05T15:01:05.519Z", "time_update": "2025-08-05T15:01:05.519Z"}}, {"model": "kuzov.auto", "pk": 4, "fields": {"marka": "Тойота витц", "gos_num": "524", "photo": "", "time_create": "2025-08-07T11:48:35.409Z", "time_update": "2025-08-07T11:48:35.409Z"}}, {"model": "kuzov.auto", "pk": 5, "fields": {"marka": "Тойота ЛэндКруизер", "gos_num": "537", "photo": "", "time_create": "2025-08-07T12:08:03.137Z", "time_update": "2025-08-07T12:08:03.138Z"}}, {"model": "kuzov.auto", "pk": 6, "fields": {"marka": "БМВ", "gos_num": "677", "photo": "", "time_create": "2025-08-07T12:14:04.631Z", "time_update": "2025-08-07T12:14:04.632Z"}}, {"model": "kuzov.auto", "pk": 7, "fields": {"marka": "Фольксваген Пассат", "gos_num": "636", "photo": "", "time_create": "2025-08-07T12:16:22.591Z", "time_update": "2025-08-07T12:16:22.591Z"}}, {"model": "kuzov.auto", "pk": 8, "fields": {"marka": "Опель", "gos_num": "б/н", "photo": "", "time_create": "2025-08-07T12:23:53.490Z", "time_update": "2025-08-07T12:23:53.490Z"}}, {"model": "kuzov.auto", "pk": 9, "fields": {"marka": "Хонда Степвагн", "gos_num": "126", "photo": "", "time_create": "2025-08-07T12:28:49.268Z", "time_update": "2025-08-07T12:28:49.268Z"}}, {"model": "kuzov.auto", "pk": 10, "fields": {"marka": "Ниссан Пасфайндер", "gos_num": "075", "photo": "", "time_create": "2025-08-07T13:22:18.010Z", "time_update": "2025-08-07T13:22:18.010Z"}}, {"model": "kuzov.auto", "pk": 11, "fields": {"marka": "Нива", "gos_num": "549", "photo": "", "time_create": "2025-08-07T13:24:12.112Z", "time_update": "2025-08-07T13:24:12.112Z"}}, {"model": "kuzov.auto", "pk": 12, "fields": {"marka": "Приус", "gos_num": "948", "photo": "", "time_create": "2025-08-07T13:31:32.413Z", "time_update": "2025-08-07T13:31:32.414Z"}}, {"model": "kuzov.auto", "pk": 13, "fields": {"marka": "Жигули 2106", "gos_num": "235", "photo": "", "time_create": "2025-08-07T13:35:52.760Z", "time_update": "2025-08-07T13:35:52.760Z"}}, {"model": "kuzov.auto", "pk": 14, "fields": {"marka": "ТС калым", "gos_num": "б/н", "photo": "", "time_create": "2025-08-07T13:38:05.737Z", "time_update": "2025-08-07T13:38:05.737Z"}}, {"model": "kuzov.auto", "pk": 15, "fields": {"marka": "ФОРД", "gos_num": "б/н", "photo": "", "time_create": "2025-08-07T13:42:37.851Z", "time_update": "2025-08-07T13:42:37.851Z"}}, {"model": "kuzov.auto", "pk": 16, "fields": {"marka": "Фит шатлл", "gos_num": "б/н", "photo": "", "time_create": "2025-08-07T13:44:39.016Z", "time_update": "2025-08-07T13:44:39.016Z"}}, {"model": "kuzov.auto", "pk": 17, "fields": {"marka": "ЛэндРовер", "gos_num": "б/н", "photo": "", "time_create": "2025-08-07T14:21:08.238Z", "time_update": "2025-08-07T14:21:08.238Z"}}, {"model": "kuzov.auto", "pk": 18, "fields": {"marka": "Субару", "gos_num": "141", "photo": "", "time_create": "2025-08-07T14:25:27.140Z", "time_update": "2025-08-07T14:25:27.140Z"}}, {"model": "kuzov.auto", "pk": 19, "fields": {"marka": "Лексус 270", "gos_num": "б/н", "photo": "", "time_create": "2025-08-07T14:32:15.602Z", "time_update": "2025-08-07T14:32:15.602Z"}}, {"model": "kuzov.auto", "pk": 20, "fields": {"marka": "камри", "gos_num": "б/н", "photo": "", "time_create": "2025-08-07T14:45:56.122Z", "time_update": "2025-08-07T14:45:56.122Z"}}, {"model": "kuzov.auto", "pk": 21, "fields": {"marka": "Киа", "gos_num": "175", "photo": "", "time_create": "2025-08-07T14:58:42.155Z", "time_update": "2025-08-07T14:58:42.155Z"}}, {"model": "kuzov.auto", "pk": 22, "fields": {"marka": "Мерседес", "gos_num": "571", "photo": "", "time_create": "2025-08-07T15:00:34.943Z", "time_update": "2025-08-07T15:00:34.943Z"}}, {"model": "kuzov.auto", "pk": 23, "fields": {"marka": "Хонда Стрим", "gos_num": "168", "photo": "", "time_create": "2025-08-07T15:13:33.089Z", "time_update": "2025-08-07T15:13:33.089Z"}}, {"model": "kuzov.auto", "pk": 24, "fields": {"marka": "Хонда Шатлл", "gos_num": "195", "photo": "", "time_create": "2025-08-07T15:59:57.423Z", "time_update": "2025-08-07T15:59:57.423Z"}}, {"model": "kuzov.auto", "pk": 25, "fields": {"marka": "ТС калым", "gos_num": "б/н", "photo": "", "time_create": "2025-08-07T16:08:42.333Z", "time_update": "2025-08-07T16:08:42.333Z"}}, {"model": "kuzov.auto", "pk": 26, "fields": {"marka": "Хонда аккорд", "gos_num": "423", "photo": "", "time_create": "2025-08-07T16:21:01.712Z", "time_update": "2025-08-07T16:21:01.712Z"}}, {"model": "kuzov.auto", "pk": 27, "fields": {"marka": "Королла калым", "gos_num": "б/н", "photo": "", "time_create": "2025-08-07T16:24:46.745Z", "time_update": "2025-08-07T16:24:46.745Z"}}, {"model": "kuzov.auto", "pk": 28, "fields": {"marka": "Истана", "gos_num": "272", "photo": "", "time_create": "2025-08-07T16:50:24.489Z", "time_update": "2025-08-07T16:50:24.489Z"}}, {"model": "kuzov.auto", "pk": 29, "fields": {"marka": "Ниссан Вингроад", "gos_num": "989", "photo": "", "time_create": "2025-08-07T17:06:53.293Z", "time_update": "2025-08-07T17:06:53.293Z"}}, {"model": "kuzov.auto", "pk": 30, "fields": {"marka": "Крузак АЦ", "gos_num": "б/н", "photo": "", "time_create": "2025-08-07T17:17:27.167Z", "time_update": "2025-08-07T17:17:27.167Z"}}, {"model": "kuzov.auto", "pk": 31, "fields": {"marka": "ТС калым", "gos_num": "б/н", "photo": "", "time_create": "2025-08-07T17:24:29.552Z", "time_update": "2025-08-07T17:24:29.552Z"}}, {"model": "kuzov.auto", "pk": 32, "fields": {"marka": "Фольксваген Тигуан", "gos_num": "767", "photo": "", "time_create": "2025-08-08T10:35:35.489Z", "time_update": "2025-08-08T10:35:35.489Z"}}, {"model": "kuzov.auto", "pk": 33, "fields": {"marka": "Тойота Спасио", "gos_num": "899", "photo": "", "time_create": "2025-08-08T10:39:41.670Z", "time_update": "2025-08-08T10:39:41.670Z"}}, {"model": "kuzov.auto", "pk": 34, "fields": {"marka": "Ниссан Патрол", "gos_num": "б/н", "photo": "", "time_create": "2025-08-08T10:47:30.665Z", "time_update": "2025-08-08T10:47:30.665Z"}}, {"model": "kuzov.auto", "pk": 35, "fields": {"marka": "Тойота Премио", "gos_num": "б/н", "photo": "", "time_create": "2025-08-08T11:03:04.081Z", "time_update": "2025-08-08T11:03:04.081Z"}}, {"model": "kuzov.auto", "pk": 36, "fields": {"marka": "Лексус", "gos_num": "б/н", "photo": "", "time_create": "2025-08-08T11:29:37.662Z", "time_update": "2025-08-08T11:29:37.664Z"}}, {"model": "kuzov.auto", "pk": 37, "fields": {"marka": "Мазда Атенза", "gos_num": "б/н", "photo": "", "time_create": "2025-08-08T11:40:19.257Z", "time_update": "2025-08-08T11:40:19.257Z"}}, {"model": "kuzov.auto", "pk": 38, "fields": {"marka": "Харриер", "gos_num": "б/н", "photo": "", "time_create": "2025-08-08T11:53:48.638Z", "time_update": "2025-08-08T11:53:48.638Z"}}, {"model": "kuzov.auto", "pk": 39, "fields": {"marka": "Хавэл", "gos_num": "б/н", "photo": "", "time_create": "2025-08-08T11:57:12.276Z", "time_update": "2025-08-08T11:57:12.276Z"}}, {"model": "kuzov.auto", "pk": 40, "fields": {"marka": "Хайлендер", "gos_num": "б/н", "photo": "", "time_create": "2025-08-08T12:02:34.687Z", "time_update": "2025-08-08T12:02:34.687Z"}}, {"model": "kuzov.auto", "pk": 41, "fields": {"marka": "Камри", "gos_num": "551", "photo": "", "time_create": "2025-08-08T12:34:21.458Z", "time_update": "2025-08-08T12:34:21.458Z"}}, {"model": "kuzov.auto", "pk": 42, "fields": {"marka": "Приус", "gos_num": "109", "photo": "", "time_create": "2025-08-08T12:38:12.927Z", "time_update": "2025-08-08T12:38:12.927Z"}}, {"model": "kuzov.auto", "pk": 43, "fields": {"marka": "Дайхатсу", "gos_num": "954", "photo": "", "time_create": "2025-08-08T12:59:44.529Z", "time_update": "2025-08-08T12:59:44.529Z"}}, {"model": "kuzov.auto", "pk": 44, "fields": {"marka": "Тойота CHR", "gos_num": "070", "photo": "", "time_create": "2025-08-08T13:12:14.464Z", "time_update": "2025-08-08T13:12:14.464Z"}}, {"model": "kuzov.auto", "pk": 45, "fields": {"marka": "Хонда фрид", "gos_num": "б/н", "photo": "", "time_create": "2025-08-08T13:13:51.156Z", "time_update": "2025-08-08T13:13:51.156Z"}}, {"model": "kuzov.auto", "pk": 46, "fields": {"marka": "Хонда аккорд", "gos_num": "540", "photo": "", "time_create": "2025-08-08T13:23:06.526Z", "time_update": "2025-08-08T13:23:06.526Z"}}, {"model": "kuzov.auto", "pk": 47, "fields": {"marka": "Тойота Витц", "gos_num": "225", "photo": "", "time_create": "2025-08-08T13:24:29.936Z", "time_update": "2025-08-08T13:24:29.936Z"}}, {"model": "kuzov.auto", "pk": 48, "fields": {"marka": "Ниссан Тиана", "gos_num": "667", "photo": "", "time_create": "2025-08-08T13:27:01.972Z", "time_update": "2025-08-08T13:27:01.972Z"}}, {"model": "kuzov.auto", "pk": 49, "fields": {"marka": "УАЗ Патриот", "gos_num": "б/н", "photo": "", "time_create": "2025-08-08T14:02:18.447Z", "time_update": "2025-08-08T14:02:18.447Z"}}, {"model": "kuzov.auto", "pk": 50, "fields": {"marka": "Хонда Степвагн", "gos_num": "б/н", "photo": "", "time_create": "2025-08-08T14:13:29.306Z", "time_update": "2025-08-08T14:13:29.306Z"}}, {"model": "kuzov.zakaznaryad", "pk": 1, "fields": {"auto": 1, "master": 1, "client": 1, "remont": "СТО", "price": 0, "time_create": "2025-07-29T14:17:52.042Z", "time_update": "2025-07-29T14:17:52.042Z", "in_work": true}}, {"model": "kuzov.zakaznaryad", "pk": 4, "fields": {"auto": 4, "master": 2, "client": 4, "remont": "вкруг", "price": 150000, "time_create": "2025-08-07T11:49:53.957Z", "time_update": "2025-08-07T15:43:56.277Z", "in_work": false}}, {"model": "kuzov.zakaznaryad", "pk": 5, "fields": {"auto": 5, "master": 3, "client": 5, "remont": "Крыша", "price": 50000, "time_create": "2025-08-07T12:09:20.365Z", "time_update": "2025-08-07T12:09:20.365Z", "in_work": false}}, {"model": "kuzov.zakaznaryad", "pk": 6, "fields": {"auto": 6, "master": 3, "client": 6, "remont": "Бампер передний", "price": 20000, "time_create": "2025-08-07T12:15:07.927Z", "time_update": "2025-08-07T12:15:07.927Z", "in_work": false}}, {"model": "kuzov.zakaznaryad", "pk": 7, "fields": {"auto": 7, "master": 3, "client": 7, "remont": "Дверь", "price": 50000, "time_create": "2025-08-07T12:17:08.075Z", "time_update": "2025-08-07T12:17:08.075Z", "in_work": false}}, {"model": "kuzov.zakaznaryad", "pk": 8, "fields": {"auto": 8, "master": 3, "client": 8, "remont": "телевизор", "price": 17000, "time_create": "2025-08-07T12:24:54.300Z", "time_update": "2025-08-07T12:24:54.300Z", "in_work": false}}, {"model": "kuzov.zakaznaryad", "pk": 9, "fields": {"auto": 9, "master": 3, "client": 9, "remont": "Дверь багажника", "price": 60000, "time_create": "2025-08-07T12:29:24.692Z", "time_update": "2025-08-07T12:29:24.692Z", "in_work": false}}, {"model": "kuzov.zakaznaryad", "pk": 10, "fields": {"auto": 10, "master": 3, "client": 10, "remont": "Задняя дверь", "price": 48000, "time_create": "2025-08-07T13:23:00.766Z", "time_update": "2025-08-08T13:16:27.150Z", "in_work": false}}, {"model": "kuzov.zakaznaryad", "pk": 11, "fields": {"auto": 11, "master": 2, "client": 11, "remont": "Дверь", "price": 18000, "time_create": "2025-08-07T13:24:46.906Z", "time_update": "2025-08-07T17:03:13.422Z", "in_work": false}}, {"model": "kuzov.zakaznaryad", "pk": 12, "fields": {"auto": 12, "master": 3, "client": 12, "remont": "Дверь", "price": 90000, "time_create": "2025-08-07T13:32:38.877Z", "time_update": "2025-08-07T15:44:47.695Z", "in_work": false}}, {"model": "kuzov.zakaznaryad", "pk": 13, "fields": {"auto": 13, "master": 2, "client": 13, "remont": "Сварочные работы стаканы", "price": 20000, "time_create": "2025-08-07T13:36:47.784Z", "time_update": "2025-08-07T17:30:45.052Z", "in_work": false}}, {"model": "kuzov.zakaznaryad", "pk": 14, "fields": {"auto": 14, "master": 2, "client": 14, "remont": "зазоры", "price": 4000, "time_create": "2025-08-07T13:38:42.670Z", "time_update": "2025-08-07T13:38:42.670Z", "in_work": false}}, {"model": "kuzov.zakaznaryad", "pk": 15, "fields": {"auto": 15, "master": 2, "client": 15, "remont": "профилактика", "price": 1861, "time_create": "2025-08-07T13:43:31.686Z", "time_update": "2025-08-07T13:43:31.686Z", "in_work": false}}, {"model": "kuzov.zakaznaryad", "pk": 16, "fields": {"auto": 16, "master": 3, "client": 16, "remont": "зазоры", "price": 3000, "time_create": "2025-08-07T13:45:11.216Z", "time_update": "2025-08-07T13:45:11.216Z", "in_work": false}}, {"model": "kuzov.zakaznaryad", "pk": 17, "fields": {"auto": 17, "master": 2, "client": 17, "remont": "зазоры", "price": 3000, "time_create": "2025-08-07T14:21:58.195Z", "time_update": "2025-08-07T15:45:04.028Z", "in_work": false}}, {"model": "kuzov.zakaznaryad", "pk": 18, "fields": {"auto": 18, "master": 2, "client": 18, "remont": "Дверь", "price": 23000, "time_create": "2025-08-07T14:26:48.621Z", "time_update": "2025-08-07T15:58:33.019Z", "in_work": false}}, {"model": "kuzov.zakaznaryad", "pk": 19, "fields": {"auto": 19, "master": 3, "client": 19, "remont": "сонары", "price": 0, "time_create": "2025-08-07T14:33:41.506Z", "time_update": "2025-08-07T14:33:41.506Z", "in_work": true}}, {"model": "kuzov.zakaznaryad", "pk": 20, "fields": {"auto": 20, "master": 3, "client": 20, "remont": "зеркало замена", "price": 1500, "time_create": "2025-08-07T14:46:46.185Z", "time_update": "2025-08-07T15:45:26.193Z", "in_work": false}}, {"model": "kuzov.zakaznaryad", "pk": 21, "fields": {"auto": 21, "master": 3, "client": 21, "remont": "бампер задний", "price": 20000, "time_create": "2025-08-07T14:59:46.048Z", "time_update": "2025-08-07T16:08:10.396Z", "in_work": false}}, {"model": "kuzov.zakaznaryad", "pk": 22, "fields": {"auto": 22, "master": 3, "client": 22, "remont": "Бампер", "price": 45000, "time_create": "2025-08-07T15:01:21.131Z", "time_update": "2025-08-08T10:24:34.098Z", "in_work": false}}, {"model": "kuzov.zakaznaryad", "pk": 23, "fields": {"auto": 23, "master": 2, "client": 23, "remont": "Зад, перед", "price": 180000, "time_create": "2025-08-07T15:14:41.995Z", "time_update": "2025-08-08T13:10:20.111Z", "in_work": false}}, {"model": "kuzov.zakaznaryad", "pk": 24, "fields": {"auto": 24, "master": 3, "client": 24, "remont": "Бампер", "price": 46000, "time_create": "2025-08-07T16:00:49.355Z", "time_update": "2025-08-08T11:20:39.890Z", "in_work": false}}, {"model": "kuzov.zakaznaryad", "pk": 25, "fields": {"auto": 25, "master": 3, "client": 25, "remont": "зазоры", "price": 4000, "time_create": "2025-08-07T16:09:52.764Z", "time_update": "2025-08-07T16:11:50.136Z", "in_work": false}}, {"model": "kuzov.zakaznaryad", "pk": 26, "fields": {"auto": 26, "master": 3, "client": 26, "remont": "вкруг", "price": 240000, "time_create": "2025-08-07T16:21:38.808Z", "time_update": "2025-08-08T14:24:00.353Z", "in_work": false}}, {"model": "kuzov.zakaznaryad", "pk": 27, "fields": {"auto": 27, "master": 3, "client": 27, "remont": "зазоры", "price": 5000, "time_create": "2025-08-07T16:25:56.483Z", "time_update": "2025-08-07T17:31:42.317Z", "in_work": false}}, {"model": "kuzov.zakaznaryad", "pk": 28, "fields": {"auto": 28, "master": 3, "client": 28, "remont": "Юбка", "price": 70000, "time_create": "2025-08-07T16:52:19.089Z", "time_update": "2025-08-08T10:44:32.873Z", "in_work": false}}, {"model": "kuzov.zakaznaryad", "pk": 29, "fields": {"auto": 29, "master": 2, "client": 29, "remont": "бампер", "price": 18500, "time_create": "2025-08-07T17:09:32.217Z", "time_update": "2025-08-08T13:31:57.113Z", "in_work": false}}, {"model": "kuzov.zakaznaryad", "pk": 30, "fields": {"auto": 30, "master": 3, "client": 30, "remont": "телевизор", "price": 8000, "time_create": "2025-08-07T17:18:48.163Z", "time_update": "2025-08-07T17:32:02.368Z", "in_work": false}}, {"model": "kuzov.zakaznaryad", "pk": 31, "fields": {"auto": 31, "master": 3, "client": 31, "remont": "зазоры", "price": 3000, "time_create": "2025-08-07T17:25:08.915Z", "time_update": "2025-08-07T17:32:19.185Z", "in_work": false}}, {"model": "kuzov.zakaznaryad", "pk": 32, "fields": {"auto": 32, "master": 3, "client": 32, "remont": "Дверь", "price": 55000, "time_create": "2025-08-08T10:37:30.487Z", "time_update": "2025-08-08T12:06:08.400Z", "in_work": false}}, {"model": "kuzov.zakaznaryad", "pk": 33, "fields": {"auto": 33, "master": 3, "client": 33, "remont": "Бампер", "price": 42000, "time_create": "2025-08-08T10:41:51.575Z", "time_update": "2025-08-08T11:26:08.882Z", "in_work": false}}, {"model": "kuzov.zakaznaryad", "pk": 34, "fields": {"auto": 34, "master": 3, "client": 34, "remont": "Бампер передний", "price": 30000, "time_create": "2025-08-08T10:48:09.129Z", "time_update": "2025-08-08T11:15:23.772Z", "in_work": false}}, {"model": "kuzov.zakaznaryad", "pk": 35, "fields": {"auto": 35, "master": 3, "client": 35, "remont": "Бампер", "price": 34000, "time_create": "2025-08-08T11:03:52.339Z", "time_update": "2025-08-08T11:33:17.164Z", "in_work": false}}, {"model": "kuzov.zakaznaryad", "pk": 36, "fields": {"auto": 36, "master": 3, "client": 36, "remont": "калым", "price": 3000, "time_create": "2025-08-08T11:30:25.215Z", "time_update": "2025-08-08T11:31:02.981Z", "in_work": false}}, {"model": "kuzov.zakaznaryad", "pk": 37, "fields": {"auto": 37, "master": 3, "client": 37, "remont": "вкруг", "price": 150000, "time_create": "2025-08-08T11:41:18.689Z", "time_update": "2025-08-08T11:41:18.689Z", "in_work": true}}, {"model": "kuzov.zakaznaryad", "pk": 38, "fields": {"auto": 38, "master": 3, "client": 38, "remont": "Бампер", "price": 17000, "time_create": "2025-08-08T11:54:31.587Z", "time_update": "2025-08-08T11:55:20.549Z", "in_work": false}}, {"model": "kuzov.zakaznaryad", "pk": 39, "fields": {"auto": 39, "master": 3, "client": 39, "remont": "калым", "price": 2000, "time_create": "2025-08-08T11:57:50.327Z", "time_update": "2025-08-08T13:16:06.900Z", "in_work": false}}, {"model": "kuzov.zakaznaryad", "pk": 40, "fields": {"auto": 40, "master": 3, "client": 40, "remont": "калым", "price": 5000, "time_create": "2025-08-08T12:03:12.285Z", "time_update": "2025-08-08T13:15:53.945Z", "in_work": false}}, {"model": "kuzov.zakaznaryad", "pk": 41, "fields": {"auto": 41, "master": 3, "client": 41, "remont": "бампер", "price": 15000, "time_create": "2025-08-08T12:35:06.921Z", "time_update": "2025-08-08T14:32:00.197Z", "in_work": false}}, {"model": "kuzov.zakaznaryad", "pk": 42, "fields": {"auto": 42, "master": 3, "client": 42, "remont": "Бампер", "price": 30000, "time_create": "2025-08-08T12:38:49.948Z", "time_update": "2025-08-08T14:24:29.964Z", "in_work": false}}, {"model": "kuzov.zakaznaryad", "pk": 43, "fields": {"auto": 43, "master": 3, "client": 43, "remont": "Бампер, телевизор", "price": 25000, "time_create": "2025-08-08T13:00:23.742Z", "time_update": "2025-08-08T14:42:40.086Z", "in_work": false}}, {"model": "kuzov.zakaznaryad", "pk": 44, "fields": {"auto": 44, "master": 3, "client": 44, "remont": "Бампера", "price": 42000, "time_create": "2025-08-08T13:13:05.992Z", "time_update": "2025-08-08T14:25:40.445Z", "in_work": false}}, {"model": "kuzov.zakaznaryad", "pk": 45, "fields": {"auto": 45, "master": 2, "client": 45, "remont": "калым", "price": 2000, "time_create": "2025-08-08T13:14:44.375Z", "time_update": "2025-08-08T13:16:43.791Z", "in_work": false}}, {"model": "kuzov.zakaznaryad", "pk": 46, "fields": {"auto": 46, "master": 2, "client": 46, "remont": "Бампер передний", "price": 18000, "time_create": "2025-08-08T13:23:50.457Z", "time_update": "2025-08-08T13:23:50.457Z", "in_work": true}}, {"model": "kuzov.zakaznaryad", "pk": 47, "fields": {"auto": 47, "master": 2, "client": 47, "remont": "бампер задний", "price": 18000, "time_create": "2025-08-08T13:25:15.262Z", "time_update": "2025-08-08T13:25:15.262Z", "in_work": true}}, {"model": "kuzov.zakaznaryad", "pk": 48, "fields": {"auto": 48, "master": 3, "client": 48, "remont": "Замена двери, крыла", "price": 14000, "time_create": "2025-08-08T13:27:42.451Z", "time_update": "2025-08-08T14:23:38.553Z", "in_work": false}}, {"model": "kuzov.zakaznaryad", "pk": 49, "fields": {"auto": 49, "master": 3, "client": 49, "remont": "бампер задний", "price": 0, "time_create": "2025-08-08T14:03:15.492Z", "time_update": "2025-08-08T14:03:15.492Z", "in_work": true}}, {"model": "kuzov.zakaznaryad", "pk": 50, "fields": {"auto": 50, "master": 3, "client": 50, "remont": "калым", "price": 4000, "time_create": "2025-08-08T14:14:00.321Z", "time_update": "2025-08-08T14:31:45.567Z", "in_work": false}}, {"model": "kuzov.oplata", "pk": 3, "fields": {"zakaz": 8, "amount": 17000, "date": "2025-06-03", "time_create": "2025-08-07T12:25:25.015Z", "cashier": 1}}, {"model": "kuzov.oplata", "pk": 4, "fields": {"zakaz": 7, "amount": 41000, "date": "2025-06-04", "time_create": "2025-08-07T12:59:15.361Z", "cashier": 1}}, {"model": "kuzov.oplata", "pk": 5, "fields": {"zakaz": 4, "amount": 20000, "date": "2025-06-05", "time_create": "2025-08-07T13:16:43.342Z", "cashier": 1}}, {"model": "kuzov.oplata", "pk": 6, "fields": {"zakaz": 5, "amount": 35000, "date": "2025-06-05", "time_create": "2025-08-07T13:17:42.154Z", "cashier": 1}}, {"model": "kuzov.oplata", "pk": 7, "fields": {"zakaz": 6, "amount": 8000, "date": "2025-06-06", "time_create": "2025-08-07T13:19:39.448Z", "cashier": 1}}, {"model": "kuzov.oplata", "pk": 8, "fields": {"zakaz": 12, "amount": 40000, "date": "2025-06-07", "time_create": "2025-08-07T13:33:09.195Z", "cashier": 1}}, {"model": "kuzov.oplata", "pk": 9, "fields": {"zakaz": 13, "amount": 20000, "date": "2025-06-08", "time_create": "2025-08-07T13:40:01.061Z", "cashier": 1}}, {"model": "kuzov.oplata", "pk": 10, "fields": {"zakaz": 15, "amount": 1861, "date": "2025-06-08", "time_create": "2025-08-07T13:43:54.896Z", "cashier": 1}}, {"model": "kuzov.oplata", "pk": 11, "fields": {"zakaz": 16, "amount": 3000, "date": "2025-06-08", "time_create": "2025-08-07T13:45:36.243Z", "cashier": 1}}, {"model": "kuzov.oplata", "pk": 12, "fields": {"zakaz": 9, "amount": 25000, "date": "2025-06-08", "time_create": "2025-08-07T13:55:27.238Z", "cashier": 1}}, {"model": "kuzov.oplata", "pk": 13, "fields": {"zakaz": 1, "amount": 28000, "date": "2025-06-10", "time_create": "2025-08-07T14:17:19.770Z", "cashier": 1}}, {"model": "kuzov.oplata", "pk": 14, "fields": {"zakaz": 17, "amount": 3000, "date": "2025-06-10", "time_create": "2025-08-07T14:22:26.727Z", "cashier": 1}}, {"model": "kuzov.oplata", "pk": 15, "fields": {"zakaz": 4, "amount": 10000, "date": "2025-06-16", "time_create": "2025-08-07T15:12:33.411Z", "cashier": 1}}, {"model": "kuzov.oplata", "pk": 16, "fields": {"zakaz": 4, "amount": 91890, "date": "2025-06-16", "time_create": "2025-08-07T15:15:58.052Z", "cashier": 1}}, {"model": "kuzov.oplata", "pk": 17, "fields": {"zakaz": 12, "amount": 50000, "date": "2025-06-16", "time_create": "2025-08-07T15:17:21.288Z", "cashier": 1}}, {"model": "kuzov.oplata", "pk": 18, "fields": {"zakaz": 23, "amount": 75000, "date": "2025-06-16", "time_create": "2025-08-07T15:17:55.438Z", "cashier": 1}}, {"model": "kuzov.oplata", "pk": 19, "fields": {"zakaz": 18, "amount": 8000, "date": "2025-06-20", "time_create": "2025-08-07T15:56:33.161Z", "cashier": 1}}, {"model": "kuzov.oplata", "pk": 20, "fields": {"zakaz": 24, "amount": 8000, "date": "2025-06-21", "time_create": "2025-08-07T16:01:31.142Z", "cashier": 1}}, {"model": "kuzov.oplata", "pk": 21, "fields": {"zakaz": 21, "amount": 20000, "date": "2025-06-21", "time_create": "2025-08-07T16:07:04.442Z", "cashier": 1}}, {"model": "kuzov.oplata", "pk": 22, "fields": {"zakaz": 26, "amount": 80000, "date": "2025-06-24", "time_create": "2025-08-07T16:22:07.391Z", "cashier": 1}}, {"model": "kuzov.oplata", "pk": 23, "fields": {"zakaz": 28, "amount": 15000, "date": "2025-06-25", "time_create": "2025-08-07T16:54:33.447Z", "cashier": 1}}, {"model": "kuzov.oplata", "pk": 24, "fields": {"zakaz": 11, "amount": 1000, "date": "2025-06-25", "time_create": "2025-08-07T16:58:09.983Z", "cashier": 1}}, {"model": "kuzov.oplata", "pk": 25, "fields": {"zakaz": 11, "amount": 11000, "date": "2025-06-26", "time_create": "2025-08-07T17:00:07.722Z", "cashier": 1}}, {"model": "kuzov.oplata", "pk": 26, "fields": {"zakaz": 30, "amount": 8000, "date": "2025-06-30", "time_create": "2025-08-07T17:19:54.098Z", "cashier": 1}}, {"model": "kuzov.oplata", "pk": 27, "fields": {"zakaz": 31, "amount": 3000, "date": "2025-06-30", "time_create": "2025-08-07T17:25:29.551Z", "cashier": 1}}, {"model": "kuzov.oplata", "pk": 28, "fields": {"zakaz": 22, "amount": 45000, "date": "2025-07-01", "time_create": "2025-08-08T10:22:09.810Z", "cashier": 1}}, {"model": "kuzov.oplata", "pk": 29, "fields": {"zakaz": 28, "amount": 15000, "date": "2025-07-01", "time_create": "2025-08-08T10:25:41.335Z", "cashier": 1}}, {"model": "kuzov.oplata", "pk": 30, "fields": {"zakaz": 28, "amount": 40000, "date": "2025-07-02", "time_create": "2025-08-08T10:28:19.738Z", "cashier": 1}}, {"model": "kuzov.oplata", "pk": 31, "fields": {"zakaz": 32, "amount": 15000, "date": "2025-07-07", "time_create": "2025-08-08T10:38:29.579Z", "cashier": 1}}, {"model": "kuzov.oplata", "pk": 32, "fields": {"zakaz": 33, "amount": 22000, "date": "2025-07-07", "time_create": "2025-08-08T10:45:57.450Z", "cashier": 1}}, {"model": "kuzov.oplata", "pk": 33, "fields": {"zakaz": 1, "amount": 20000, "date": "2025-07-11", "time_create": "2025-08-08T11:09:35.649Z", "cashier": 1}}, {"model": "kuzov.oplata", "pk": 34, "fields": {"zakaz": 34, "amount": 30000, "date": "2025-07-11", "time_create": "2025-08-08T11:14:11.040Z", "cashier": 1}}, {"model": "kuzov.oplata", "pk": 35, "fields": {"zakaz": 24, "amount": 38000, "date": "2025-07-11", "time_create": "2025-08-08T11:17:14.646Z", "cashier": 1}}, {"model": "kuzov.oplata", "pk": 36, "fields": {"zakaz": 33, "amount": 27500, "date": "2025-07-12", "time_create": "2025-08-08T11:22:55.901Z", "cashier": 1}}, {"model": "kuzov.oplata", "pk": 37, "fields": {"zakaz": 35, "amount": 34000, "date": "2025-07-13", "time_create": "2025-08-08T11:32:01.891Z", "cashier": 1}}, {"model": "kuzov.oplata", "pk": 38, "fields": {"zakaz": 37, "amount": 50000, "date": "2025-07-15", "time_create": "2025-08-08T11:41:59.031Z", "cashier": 1}}, {"model": "kuzov.oplata", "pk": 39, "fields": {"zakaz": 32, "amount": 45000, "date": "2025-07-19", "time_create": "2025-08-08T12:04:49.424Z", "cashier": 1}}, {"model": "kuzov.oplata", "pk": 40, "fields": {"zakaz": 41, "amount": 5000, "date": "2025-07-24", "time_create": "2025-08-08T12:35:44.096Z", "cashier": 1}}, {"model": "kuzov.oplata", "pk": 41, "fields": {"zakaz": 42, "amount": 5000, "date": "2025-07-25", "time_create": "2025-08-08T12:39:30.112Z", "cashier": 1}}, {"model": "kuzov.oplata", "pk": 42, "fields": {"zakaz": 10, "amount": 10000, "date": "2025-07-25", "time_create": "2025-08-08T12:39:59.337Z", "cashier": 1}}, {"model": "kuzov.oplata", "pk": 43, "fields": {"zakaz": 10, "amount": 28000, "date": "2025-07-25", "time_create": "2025-08-08T12:44:19.573Z", "cashier": 1}}, {"model": "kuzov.oplata", "pk": 44, "fields": {"zakaz": 23, "amount": 20000, "date": "2025-07-26", "time_create": "2025-08-08T13:02:08.273Z", "cashier": 1}}, {"model": "kuzov.oplata", "pk": 45, "fields": {"zakaz": 43, "amount": 20000, "date": "2025-07-27", "time_create": "2025-08-08T13:04:48.850Z", "cashier": 1}}, {"model": "kuzov.oplata", "pk": 46, "fields": {"zakaz": 23, "amount": 85000, "date": "2025-07-27", "time_create": "2025-08-08T13:07:28.967Z", "cashier": 1}}, {"model": "kuzov.oplata", "pk": 47, "fields": {"zakaz": 44, "amount": 12000, "date": "2025-07-28", "time_create": "2025-08-08T13:13:28.924Z", "cashier": 1}}, {"model": "kuzov.oplata", "pk": 48, "fields": {"zakaz": 29, "amount": 18500, "date": "2025-07-31", "time_create": "2025-08-08T13:21:48.947Z", "cashier": 1}}, {"model": "kuzov.oplata", "pk": 49, "fields": {"zakaz": 46, "amount": 6000, "date": "2025-07-31", "time_create": "2025-08-08T13:24:14.743Z", "cashier": 1}}, {"model": "kuzov.oplata", "pk": 50, "fields": {"zakaz": 47, "amount": 12000, "date": "2025-07-31", "time_create": "2025-08-08T13:25:36.676Z", "cashier": 1}}, {"model": "kuzov.oplata", "pk": 51, "fields": {"zakaz": 48, "amount": 15510, "date": "2025-08-03", "time_create": "2025-08-08T14:10:01.965Z", "cashier": 1}}, {"model": "kuzov.oplata", "pk": 52, "fields": {"zakaz": 26, "amount": 191480, "date": "2025-08-04", "time_create": "2025-08-08T14:19:06.160Z", "cashier": 1}}, {"model": "kuzov.oplata", "pk": 53, "fields": {"zakaz": 42, "amount": 25000, "date": "2025-08-05", "time_create": "2025-08-08T14:21:34.974Z", "cashier": 1}}, {"model": "kuzov.oplata", "pk": 54, "fields": {"zakaz": 44, "amount": 30000, "date": "2025-08-05", "time_create": "2025-08-08T14:22:58.810Z", "cashier": 1}}, {"model": "kuzov.oplata", "pk": 55, "fields": {"zakaz": 41, "amount": 10000, "date": "2025-08-05", "time_create": "2025-08-08T14:26:06.181Z", "cashier": 1}}, {"model": "kuzov.oplata", "pk": 56, "fields": {"zakaz": 47, "amount": 2000, "date": "2025-08-07", "time_create": "2025-08-08T14:30:34.330Z", "cashier": 1}}, {"model": "kuzov.oplata", "pk": 57, "fields": {"zakaz": 43, "amount": 5000, "date": "2025-07-21", "time_create": "2025-08-08T14:40:44.945Z", "cashier": 4}}, {"model": "kuzov.avans", "pk": 4, "fields": {"zakaz": 4, "amount": 2000, "date": "2025-06-01", "comment": "", "time_create": "2025-08-07T12:04:30.833Z", "cashier": 1}}, {"model": "kuzov.avans", "pk": 5, "fields": {"zakaz": 4, "amount": 1000, "date": "2025-06-02", "comment": "", "time_create": "2025-08-07T12:20:07.343Z", "cashier": 1}}, {"model": "kuzov.avans", "pk": 6, "fields": {"zakaz": 8, "amount": 6400, "date": "2025-06-03", "comment": "", "time_create": "2025-08-07T12:26:04.767Z", "cashier": 1}}, {"model": "kuzov.avans", "pk": 7, "fields": {"zakaz": 4, "amount": 2000, "date": "2025-06-04", "comment": "", "time_create": "2025-08-07T12:27:53.805Z", "cashier": 1}}, {"model": "kuzov.avans", "pk": 8, "fields": {"zakaz": 9, "amount": 1230, "date": "2025-06-04", "comment": "подушка Калдина", "time_create": "2025-08-07T12:53:47.534Z", "cashier": 1}}, {"model": "kuzov.avans", "pk": 9, "fields": {"zakaz": 7, "amount": 24372, "date": "2025-06-04", "comment": "ЗП", "time_create": "2025-08-07T12:59:57.043Z", "cashier": 1}}, {"model": "kuzov.avans", "pk": 10, "fields": {"zakaz": 5, "amount": 13867, "date": "2025-06-05", "comment": "ЗП", "time_create": "2025-08-07T13:18:23.034Z", "cashier": 1}}, {"model": "kuzov.avans", "pk": 11, "fields": {"zakaz": 6, "amount": 3760, "date": "2025-06-06", "comment": "ЗП", "time_create": "2025-08-07T13:20:14.688Z", "cashier": 1}}, {"model": "kuzov.avans", "pk": 12, "fields": {"zakaz": 4, "amount": 1000, "date": "2025-06-07", "comment": "", "time_create": "2025-08-07T13:33:38.057Z", "cashier": 1}}, {"model": "kuzov.avans", "pk": 13, "fields": {"zakaz": 13, "amount": 1000, "date": "2025-06-08", "comment": "", "time_create": "2025-08-07T13:37:16.816Z", "cashier": 1}}, {"model": "kuzov.avans", "pk": 14, "fields": {"zakaz": 14, "amount": 2000, "date": "2025-06-08", "comment": "ЗП", "time_create": "2025-08-07T13:39:07.286Z", "cashier": 1}}, {"model": "kuzov.avans", "pk": 15, "fields": {"zakaz": 16, "amount": 1500, "date": "2025-06-08", "comment": "ЗП", "time_create": "2025-08-07T13:53:36.723Z", "cashier": 1}}, {"model": "kuzov.avans", "pk": 16, "fields": {"zakaz": 9, "amount": 1500, "date": "2025-06-08", "comment": "", "time_create": "2025-08-07T13:54:24.301Z", "cashier": 1}}, {"model": "kuzov.avans", "pk": 17, "fields": {"zakaz": 9, "amount": 10096, "date": "2025-06-08", "comment": "ЗП", "time_create": "2025-08-07T13:56:18.902Z", "cashier": 1}}, {"model": "kuzov.avans", "pk": 18, "fields": {"zakaz": 13, "amount": 3000, "date": "2025-06-10", "comment": "", "time_create": "2025-08-07T14:20:36.353Z", "cashier": 1}}, {"model": "kuzov.avans", "pk": 19, "fields": {"zakaz": 17, "amount": 1500, "date": "2025-06-10", "comment": "", "time_create": "2025-08-07T14:23:00.135Z", "cashier": 1}}, {"model": "kuzov.avans", "pk": 20, "fields": {"zakaz": 4, "amount": 1000, "date": "2025-06-11", "comment": "", "time_create": "2025-08-07T14:30:41.644Z", "cashier": 1}}, {"model": "kuzov.avans", "pk": 21, "fields": {"zakaz": 20, "amount": 1500, "date": "2025-06-13", "comment": "Владимир ЗП", "time_create": "2025-08-07T14:48:12.427Z", "cashier": 1}}, {"model": "kuzov.avans", "pk": 22, "fields": {"zakaz": 4, "amount": 1000, "date": "2025-06-14", "comment": "", "time_create": "2025-08-07T14:55:47.110Z", "cashier": 1}}, {"model": "kuzov.avans", "pk": 23, "fields": {"zakaz": 4, "amount": 500, "date": "2025-06-15", "comment": "", "time_create": "2025-08-07T14:57:14.370Z", "cashier": 1}}, {"model": "kuzov.avans", "pk": 24, "fields": {"zakaz": 4, "amount": 500, "date": "2025-06-15", "comment": "", "time_create": "2025-08-07T14:57:48.064Z", "cashier": 1}}, {"model": "kuzov.avans", "pk": 25, "fields": {"zakaz": 4, "amount": 1658, "date": "2025-06-16", "comment": "", "time_create": "2025-08-07T15:13:09.223Z", "cashier": 1}}, {"model": "kuzov.avans", "pk": 26, "fields": {"zakaz": 23, "amount": 8342, "date": "2025-06-16", "comment": "", "time_create": "2025-08-07T15:15:20.757Z", "cashier": 1}}, {"model": "kuzov.avans", "pk": 27, "fields": {"zakaz": 4, "amount": 3000, "date": "2025-06-16", "comment": "", "time_create": "2025-08-07T15:16:30.102Z", "cashier": 1}}, {"model": "kuzov.avans", "pk": 28, "fields": {"zakaz": 12, "amount": 19624, "date": "2025-06-16", "comment": "", "time_create": "2025-08-07T15:19:44.117Z", "cashier": 1}}, {"model": "kuzov.avans", "pk": 29, "fields": {"zakaz": 12, "amount": 19624, "date": "2025-06-16", "comment": "ЗП", "time_create": "2025-08-07T15:20:11.779Z", "cashier": 1}}, {"model": "kuzov.avans", "pk": 30, "fields": {"zakaz": 23, "amount": 3000, "date": "2025-06-17", "comment": "", "time_create": "2025-08-07T15:48:37.433Z", "cashier": 1}}, {"model": "kuzov.avans", "pk": 31, "fields": {"zakaz": 23, "amount": 30000, "date": "2025-06-17", "comment": "", "time_create": "2025-08-07T15:49:39.290Z", "cashier": 1}}, {"model": "kuzov.avans", "pk": 32, "fields": {"zakaz": 23, "amount": 5000, "date": "2025-06-19", "comment": "", "time_create": "2025-08-07T15:54:20.044Z", "cashier": 1}}, {"model": "kuzov.avans", "pk": 33, "fields": {"zakaz": 18, "amount": 5000, "date": "2025-06-19", "comment": "", "time_create": "2025-08-07T15:54:44.260Z", "cashier": 1}}, {"model": "kuzov.avans", "pk": 34, "fields": {"zakaz": 18, "amount": 4795, "date": "2025-06-20", "comment": "", "time_create": "2025-08-07T15:57:07.486Z", "cashier": 1}}, {"model": "kuzov.avans", "pk": 35, "fields": {"zakaz": 23, "amount": 205, "date": "2025-06-20", "comment": "", "time_create": "2025-08-07T15:59:04.422Z", "cashier": 1}}, {"model": "kuzov.avans", "pk": 36, "fields": {"zakaz": 23, "amount": 5000, "date": "2025-06-21", "comment": "", "time_create": "2025-08-07T16:02:45.768Z", "cashier": 1}}, {"model": "kuzov.avans", "pk": 37, "fields": {"zakaz": 21, "amount": 7500, "date": "2025-06-21", "comment": "", "time_create": "2025-08-07T16:07:34.241Z", "cashier": 1}}, {"model": "kuzov.avans", "pk": 38, "fields": {"zakaz": 25, "amount": 2000, "date": "2025-06-22", "comment": "ЗП", "time_create": "2025-08-07T16:11:26.878Z", "cashier": 1}}, {"model": "kuzov.avans", "pk": 39, "fields": {"zakaz": 11, "amount": 4000, "date": "2025-06-24", "comment": "", "time_create": "2025-08-07T16:24:18.058Z", "cashier": 1}}, {"model": "kuzov.avans", "pk": 40, "fields": {"zakaz": 27, "amount": 500, "date": "2025-06-24", "comment": "", "time_create": "2025-08-07T16:26:23.298Z", "cashier": 1}}, {"model": "kuzov.avans", "pk": 41, "fields": {"zakaz": 27, "amount": 2000, "date": "2025-06-24", "comment": "", "time_create": "2025-08-07T16:27:11.810Z", "cashier": 1}}, {"model": "kuzov.avans", "pk": 42, "fields": {"zakaz": 11, "amount": 1000, "date": "2025-06-25", "comment": "", "time_create": "2025-08-07T16:55:56.978Z", "cashier": 1}}, {"model": "kuzov.avans", "pk": 43, "fields": {"zakaz": 11, "amount": 1000, "date": "2025-06-25", "comment": "", "time_create": "2025-08-07T16:58:31.449Z", "cashier": 1}}, {"model": "kuzov.avans", "pk": 44, "fields": {"zakaz": 11, "amount": 200, "date": "2025-06-26", "comment": "", "time_create": "2025-08-07T16:59:24.591Z", "cashier": 1}}, {"model": "kuzov.avans", "pk": 45, "fields": {"zakaz": 11, "amount": 1020, "date": "2025-06-26", "comment": "", "time_create": "2025-08-07T17:02:13.955Z", "cashier": 1}}, {"model": "kuzov.avans", "pk": 46, "fields": {"zakaz": 23, "amount": 2160, "date": "2025-06-28", "comment": "", "time_create": "2025-08-07T17:12:36.918Z", "cashier": 1}}, {"model": "kuzov.avans", "pk": 47, "fields": {"zakaz": 23, "amount": 1854, "date": "2025-06-28", "comment": "", "time_create": "2025-08-07T17:13:07.555Z", "cashier": 1}}, {"model": "kuzov.avans", "pk": 48, "fields": {"zakaz": 30, "amount": 4000, "date": "2025-06-30", "comment": "ЗП Петрович", "time_create": "2025-08-07T17:22:44.041Z", "cashier": 1}}, {"model": "kuzov.avans", "pk": 49, "fields": {"zakaz": 23, "amount": 1000, "date": "2025-06-30", "comment": "", "time_create": "2025-08-07T17:23:55.603Z", "cashier": 1}}, {"model": "kuzov.avans", "pk": 50, "fields": {"zakaz": 31, "amount": 1500, "date": "2025-06-30", "comment": "", "time_create": "2025-08-07T17:25:54.303Z", "cashier": 1}}, {"model": "kuzov.avans", "pk": 51, "fields": {"zakaz": 22, "amount": 18842, "date": "2025-07-01", "comment": "ЗП", "time_create": "2025-08-08T10:23:36.243Z", "cashier": 1}}, {"model": "kuzov.avans", "pk": 52, "fields": {"zakaz": 28, "amount": 27620, "date": "2025-07-02", "comment": "ЗП", "time_create": "2025-08-08T10:30:47.287Z", "cashier": 1}}, {"model": "kuzov.avans", "pk": 53, "fields": {"zakaz": 26, "amount": 4000, "date": "2025-07-07", "comment": "", "time_create": "2025-08-08T10:46:29.796Z", "cashier": 1}}, {"model": "kuzov.avans", "pk": 54, "fields": {"zakaz": 23, "amount": 1100, "date": "2025-07-11", "comment": "", "time_create": "2025-08-08T11:13:40.580Z", "cashier": 1}}, {"model": "kuzov.avans", "pk": 55, "fields": {"zakaz": 34, "amount": 13995, "date": "2025-07-11", "comment": "ЗП", "time_create": "2025-08-08T11:15:02.265Z", "cashier": 1}}, {"model": "kuzov.avans", "pk": 56, "fields": {"zakaz": 24, "amount": 18151, "date": "2025-07-11", "comment": "ЗП", "time_create": "2025-08-08T11:18:34.979Z", "cashier": 1}}, {"model": "kuzov.avans", "pk": 57, "fields": {"zakaz": 23, "amount": 1764, "date": "2025-07-12", "comment": "", "time_create": "2025-08-08T11:21:51.854Z", "cashier": 1}}, {"model": "kuzov.avans", "pk": 58, "fields": {"zakaz": 33, "amount": 16613, "date": "2025-07-12", "comment": "", "time_create": "2025-08-08T11:24:30.618Z", "cashier": 1}}, {"model": "kuzov.avans", "pk": 59, "fields": {"zakaz": 36, "amount": 1500, "date": "2025-07-12", "comment": "", "time_create": "2025-08-08T11:30:43.670Z", "cashier": 1}}, {"model": "kuzov.avans", "pk": 60, "fields": {"zakaz": 35, "amount": 15530, "date": "2025-07-13", "comment": "ЗП", "time_create": "2025-08-08T11:33:03.323Z", "cashier": 1}}, {"model": "kuzov.avans", "pk": 61, "fields": {"zakaz": 23, "amount": 10000, "date": "2025-07-13", "comment": "с Примака", "time_create": "2025-08-08T11:33:56.192Z", "cashier": 1}}, {"model": "kuzov.avans", "pk": 62, "fields": {"zakaz": 23, "amount": 2000, "date": "2025-07-14", "comment": "", "time_create": "2025-08-08T11:36:15.436Z", "cashier": 1}}, {"model": "kuzov.avans", "pk": 63, "fields": {"zakaz": 32, "amount": 3400, "date": "2025-07-17", "comment": "на петли для Хариера", "time_create": "2025-08-08T11:46:50.454Z", "cashier": 1}}, {"model": "kuzov.avans", "pk": 64, "fields": {"zakaz": 32, "amount": 589, "date": "2025-07-17", "comment": "Петрович крестовина УАЗ", "time_create": "2025-08-08T11:50:03.607Z", "cashier": 1}}, {"model": "kuzov.avans", "pk": 65, "fields": {"zakaz": 23, "amount": 1000, "date": "2025-07-17", "comment": "", "time_create": "2025-08-08T11:52:24.240Z", "cashier": 1}}, {"model": "kuzov.avans", "pk": 66, "fields": {"zakaz": 38, "amount": 8500, "date": "2025-07-17", "comment": "ЗП", "time_create": "2025-08-08T11:55:06.694Z", "cashier": 1}}, {"model": "kuzov.avans", "pk": 67, "fields": {"zakaz": 39, "amount": 1000, "date": "2025-07-18", "comment": "ЗП", "time_create": "2025-08-08T11:58:20.609Z", "cashier": 1}}, {"model": "kuzov.avans", "pk": 68, "fields": {"zakaz": 23, "amount": 1000, "date": "2025-07-18", "comment": "", "time_create": "2025-08-08T11:58:56.018Z", "cashier": 1}}, {"model": "kuzov.avans", "pk": 69, "fields": {"zakaz": 40, "amount": 2500, "date": "2025-07-19", "comment": "ЗП", "time_create": "2025-08-08T12:03:51.229Z", "cashier": 1}}, {"model": "kuzov.avans", "pk": 70, "fields": {"zakaz": 32, "amount": 2500, "date": "2025-07-19", "comment": "", "time_create": "2025-08-08T12:04:16.157Z", "cashier": 1}}, {"model": "kuzov.avans", "pk": 71, "fields": {"zakaz": 32, "amount": 15437, "date": "2025-07-20", "comment": "ЗП", "time_create": "2025-08-08T12:05:54.954Z", "cashier": 1}}, {"model": "kuzov.avans", "pk": 72, "fields": {"zakaz": 23, "amount": 400, "date": "2025-07-24", "comment": "", "time_create": "2025-08-08T12:36:16.626Z", "cashier": 1}}, {"model": "kuzov.avans", "pk": 73, "fields": {"zakaz": 23, "amount": 10000, "date": "2025-07-25", "comment": "с ниссана 075", "time_create": "2025-08-08T12:40:41.753Z", "cashier": 1}}, {"model": "kuzov.avans", "pk": 74, "fields": {"zakaz": 10, "amount": 985, "date": "2025-07-25", "comment": "доставка креплений", "time_create": "2025-08-08T12:41:44.275Z", "cashier": 1}}, {"model": "kuzov.avans", "pk": 75, "fields": {"zakaz": 23, "amount": 1000, "date": "2025-07-25", "comment": "", "time_create": "2025-08-08T12:42:46.928Z", "cashier": 1}}, {"model": "kuzov.avans", "pk": 76, "fields": {"zakaz": 10, "amount": 18100, "date": "2025-07-25", "comment": "ЗП", "time_create": "2025-08-08T12:46:01.362Z", "cashier": 1}}, {"model": "kuzov.avans", "pk": 77, "fields": {"zakaz": 23, "amount": 20000, "date": "2025-07-26", "comment": "", "time_create": "2025-08-08T13:02:32.065Z", "cashier": 1}}, {"model": "kuzov.avans", "pk": 78, "fields": {"zakaz": 23, "amount": 400, "date": "2025-07-27", "comment": "", "time_create": "2025-08-08T13:04:12.452Z", "cashier": 1}}, {"model": "kuzov.avans", "pk": 79, "fields": {"zakaz": 43, "amount": 8260, "date": "2025-07-27", "comment": "зп", "time_create": "2025-08-08T13:05:48.487Z", "cashier": 1}}, {"model": "kuzov.avans", "pk": 80, "fields": {"zakaz": 29, "amount": 1000, "date": "2025-07-27", "comment": "", "time_create": "2025-08-08T13:08:43.018Z", "cashier": 1}}, {"model": "kuzov.avans", "pk": 81, "fields": {"zakaz": 23, "amount": 7500, "date": "2025-07-27", "comment": "ЗП Григорий", "time_create": "2025-08-08T13:10:04.665Z", "cashier": 1}}, {"model": "kuzov.avans", "pk": 82, "fields": {"zakaz": 45, "amount": 1000, "date": "2025-07-28", "comment": "ЗП", "time_create": "2025-08-08T13:15:15.445Z", "cashier": 1}}, {"model": "kuzov.avans", "pk": 83, "fields": {"zakaz": 29, "amount": 1000, "date": "2025-07-29", "comment": "", "time_create": "2025-08-08T13:19:45.782Z", "cashier": 1}}, {"model": "kuzov.avans", "pk": 84, "fields": {"zakaz": 29, "amount": 500, "date": "2025-07-30", "comment": "", "time_create": "2025-08-08T13:21:02.232Z", "cashier": 1}}, {"model": "kuzov.avans", "pk": 85, "fields": {"zakaz": 29, "amount": 4110, "date": "2025-07-31", "comment": "", "time_create": "2025-08-08T13:22:47.432Z", "cashier": 1}}, {"model": "kuzov.avans", "pk": 86, "fields": {"zakaz": 47, "amount": 500, "date": "2025-07-31", "comment": "", "time_create": "2025-08-08T13:30:05.211Z", "cashier": 1}}, {"model": "kuzov.avans", "pk": 87, "fields": {"zakaz": 47, "amount": 2500, "date": "2025-08-01", "comment": "", "time_create": "2025-08-08T14:01:29.621Z", "cashier": 1}}, {"model": "kuzov.avans", "pk": 88, "fields": {"zakaz": 46, "amount": 2500, "date": "2025-08-01", "comment": "", "time_create": "2025-08-08T14:01:56.728Z", "cashier": 1}}, {"model": "kuzov.avans", "pk": 89, "fields": {"zakaz": 48, "amount": 7000, "date": "2025-08-03", "comment": "зп", "time_create": "2025-08-08T14:11:04.193Z", "cashier": 1}}, {"model": "kuzov.avans", "pk": 90, "fields": {"zakaz": 50, "amount": 2000, "date": "2025-08-04", "comment": "зп", "time_create": "2025-08-08T14:14:48.174Z", "cashier": 1}}, {"model": "kuzov.avans", "pk": 91, "fields": {"zakaz": 47, "amount": 300, "date": "2025-08-04", "comment": "", "time_create": "2025-08-08T14:18:25.345Z", "cashier": 1}}, {"model": "kuzov.avans", "pk": 92, "fields": {"zakaz": 26, "amount": 100110, "date": "2025-08-04", "comment": "зп", "time_create": "2025-08-08T14:19:40.007Z", "cashier": 1}}, {"model": "kuzov.avans", "pk": 93, "fields": {"zakaz": 42, "amount": 13484, "date": "2025-08-05", "comment": "ЗП", "time_create": "2025-08-08T14:22:37.192Z", "cashier": 1}}, {"model": "kuzov.avans", "pk": 94, "fields": {"zakaz": 44, "amount": 13978, "date": "2025-08-05", "comment": "ЗП", "time_create": "2025-08-08T14:25:16.286Z", "cashier": 1}}, {"model": "kuzov.avans", "pk": 95, "fields": {"zakaz": 41, "amount": 6515, "date": "2025-08-05", "comment": "ЗП", "time_create": "2025-08-08T14:27:01.086Z", "cashier": 1}}, {"model": "kuzov.avans", "pk": 96, "fields": {"zakaz": 46, "amount": 1000, "date": "2025-08-05", "comment": "", "time_create": "2025-08-08T14:28:25.193Z", "cashier": 1}}, {"model": "kuzov.avans", "pk": 97, "fields": {"zakaz": 46, "amount": 1000, "date": "2025-08-06", "comment": "", "time_create": "2025-08-08T14:29:59.851Z", "cashier": 1}}, {"model": "kuzov.avans", "pk": 98, "fields": {"zakaz": 43, "amount": 2930, "date": "2025-07-22", "comment": "Петрович на масло", "time_create": "2025-08-08T14:41:47.256Z", "cashier": 4}}, {"model": "kuzov.raskhod", "pk": 6, "fields": {"zakaz": 5, "amount": 2096, "name": "краска", "spare_part": false, "date": "2025-06-01", "cheque": "", "time_create": "2025-08-07T12:13:12.403Z", "cashier": 1}}, {"model": "kuzov.raskhod", "pk": 7, "fields": {"zakaz": 6, "amount": 480, "name": "клепки", "spare_part": false, "date": "2025-06-01", "cheque": "", "time_create": "2025-08-07T12:15:39.173Z", "cashier": 1}}, {"model": "kuzov.raskhod", "pk": 8, "fields": {"zakaz": 7, "amount": 2832, "name": "расходник", "spare_part": false, "date": "2025-06-01", "cheque": "", "time_create": "2025-08-07T12:17:43.861Z", "cashier": 1}}, {"model": "kuzov.raskhod", "pk": 9, "fields": {"zakaz": 1, "amount": 2100, "name": "ШРУС на бочку", "spare_part": false, "date": "2025-06-01", "cheque": "", "time_create": "2025-08-07T12:18:22.932Z", "cashier": 1}}, {"model": "kuzov.raskhod", "pk": 10, "fields": {"zakaz": 7, "amount": 4194, "name": "краска", "spare_part": false, "date": "2025-06-01", "cheque": "", "time_create": "2025-08-07T12:19:05.328Z", "cashier": 1}}, {"model": "kuzov.raskhod", "pk": 11, "fields": {"zakaz": 1, "amount": 2500, "name": "Владимир", "spare_part": false, "date": "2025-06-01", "cheque": "", "time_create": "2025-08-07T12:19:37.780Z", "cashier": 1}}, {"model": "kuzov.raskhod", "pk": 12, "fields": {"zakaz": 1, "amount": 868, "name": "доставка", "spare_part": false, "date": "2025-06-02", "cheque": "", "time_create": "2025-08-07T12:20:41.801Z", "cashier": 1}}, {"model": "kuzov.raskhod", "pk": 13, "fields": {"zakaz": 4, "amount": 432, "name": "скотч", "spare_part": false, "date": "2025-06-02", "cheque": "", "time_create": "2025-08-07T12:21:23.745Z", "cashier": 1}}, {"model": "kuzov.raskhod", "pk": 14, "fields": {"zakaz": 1, "amount": 3163, "name": "расходник на бочку", "spare_part": false, "date": "2025-06-02", "cheque": "", "time_create": "2025-08-07T12:22:02.830Z", "cashier": 1}}, {"model": "kuzov.raskhod", "pk": 15, "fields": {"zakaz": 1, "amount": 2500, "name": "Слава", "spare_part": false, "date": "2025-06-02", "cheque": "", "time_create": "2025-08-07T12:22:31.355Z", "cashier": 1}}, {"model": "kuzov.raskhod", "pk": 16, "fields": {"zakaz": 7, "amount": 230, "name": "скотч", "spare_part": false, "date": "2025-06-03", "cheque": "", "time_create": "2025-08-07T12:23:13.677Z", "cashier": 1}}, {"model": "kuzov.raskhod", "pk": 17, "fields": {"zakaz": 1, "amount": 2000, "name": "Слава", "spare_part": false, "date": "2025-06-03", "cheque": "", "time_create": "2025-08-07T12:26:35.450Z", "cashier": 1}}, {"model": "kuzov.raskhod", "pk": 18, "fields": {"zakaz": 1, "amount": 2000, "name": "Владимир", "spare_part": false, "date": "2025-06-03", "cheque": "", "time_create": "2025-08-07T12:27:08.149Z", "cashier": 1}}, {"model": "kuzov.raskhod", "pk": 19, "fields": {"zakaz": 9, "amount": 3648, "name": "расходник", "spare_part": false, "date": "2025-06-04", "cheque": "", "time_create": "2025-08-07T12:30:02.055Z", "cashier": 1}}, {"model": "kuzov.raskhod", "pk": 20, "fields": {"zakaz": 1, "amount": 523, "name": "резиновый круг", "spare_part": false, "date": "2025-06-04", "cheque": "", "time_create": "2025-08-07T12:51:19.436Z", "cashier": 1}}, {"model": "kuzov.raskhod", "pk": 21, "fields": {"zakaz": 1, "amount": 1188, "name": "краска на бочку", "spare_part": false, "date": "2025-06-04", "cheque": "", "time_create": "2025-08-07T12:52:17.424Z", "cashier": 1}}, {"model": "kuzov.raskhod", "pk": 22, "fields": {"zakaz": 4, "amount": 2741, "name": "расходник", "spare_part": false, "date": "2025-06-04", "cheque": "", "time_create": "2025-08-07T12:53:01.055Z", "cashier": 1}}, {"model": "kuzov.raskhod", "pk": 23, "fields": {"zakaz": 1, "amount": 433, "name": "бочка отвердитель", "spare_part": false, "date": "2025-06-04", "cheque": "", "time_create": "2025-08-07T13:00:33.492Z", "cashier": 1}}, {"model": "kuzov.raskhod", "pk": 24, "fields": {"zakaz": 4, "amount": 262, "name": "шестисотка", "spare_part": false, "date": "2025-06-04", "cheque": "", "time_create": "2025-08-07T13:01:21.760Z", "cashier": 1}}, {"model": "kuzov.raskhod", "pk": 25, "fields": {"zakaz": 5, "amount": 2660, "name": "краска", "spare_part": false, "date": "2025-06-04", "cheque": "", "time_create": "2025-08-07T13:01:55.743Z", "cashier": 1}}, {"model": "kuzov.raskhod", "pk": 26, "fields": {"zakaz": 9, "amount": 3630, "name": "краска", "spare_part": false, "date": "2025-06-04", "cheque": "", "time_create": "2025-08-07T13:02:34.013Z", "cashier": 1}}, {"model": "kuzov.raskhod", "pk": 27, "fields": {"zakaz": 1, "amount": 500, "name": "отправка в Хохотуй", "spare_part": false, "date": "2025-06-04", "cheque": "", "time_create": "2025-08-07T13:03:08.094Z", "cashier": 1}}, {"model": "kuzov.raskhod", "pk": 28, "fields": {"zakaz": 1, "amount": 2000, "name": "Слава", "spare_part": false, "date": "2025-06-04", "cheque": "", "time_create": "2025-08-07T13:03:45.561Z", "cashier": 1}}, {"model": "kuzov.raskhod", "pk": 29, "fields": {"zakaz": 5, "amount": 2000, "name": "Слава", "spare_part": false, "date": "2025-06-05", "cheque": "", "time_create": "2025-08-07T13:18:51.586Z", "cashier": 1}}, {"model": "kuzov.raskhod", "pk": 30, "fields": {"zakaz": 10, "amount": 4824, "name": "краска", "spare_part": false, "date": "2025-06-06", "cheque": "", "time_create": "2025-08-07T13:23:51.821Z", "cashier": 1}}, {"model": "kuzov.raskhod", "pk": 31, "fields": {"zakaz": 11, "amount": 2750, "name": "краска", "spare_part": false, "date": "2025-06-06", "cheque": "", "time_create": "2025-08-07T13:25:13.951Z", "cashier": 1}}, {"model": "kuzov.raskhod", "pk": 32, "fields": {"zakaz": 9, "amount": 477, "name": "укрывной, скотч", "spare_part": false, "date": "2025-06-06", "cheque": "", "time_create": "2025-08-07T13:25:58.867Z", "cashier": 1}}, {"model": "kuzov.raskhod", "pk": 33, "fields": {"zakaz": 1, "amount": 870, "name": "заправка", "spare_part": false, "date": "2025-06-06", "cheque": "", "time_create": "2025-08-07T13:26:27.337Z", "cashier": 1}}, {"model": "kuzov.raskhod", "pk": 34, "fields": {"zakaz": 1, "amount": 2000, "name": "Слава", "spare_part": false, "date": "2025-06-06", "cheque": "", "time_create": "2025-08-07T13:26:52.452Z", "cashier": 1}}, {"model": "kuzov.raskhod", "pk": 35, "fields": {"zakaz": 1, "amount": 2000, "name": "Владимир", "spare_part": false, "date": "2025-06-07", "cheque": "", "time_create": "2025-08-07T13:34:07.028Z", "cashier": 1}}, {"model": "kuzov.raskhod", "pk": 36, "fields": {"zakaz": 4, "amount": 930, "name": "Антифриз красный", "spare_part": true, "date": "2025-06-07", "cheque": "", "time_create": "2025-08-07T13:34:42.067Z", "cashier": 1}}, {"model": "kuzov.raskhod", "pk": 37, "fields": {"zakaz": 4, "amount": 2292, "name": "краска по коду", "spare_part": false, "date": "2025-06-08", "cheque": "", "time_create": "2025-08-07T13:40:43.678Z", "cashier": 1}}, {"model": "kuzov.raskhod", "pk": 38, "fields": {"zakaz": 4, "amount": 936, "name": "фильтра", "spare_part": false, "date": "2025-06-08", "cheque": "", "time_create": "2025-08-07T13:41:13.133Z", "cashier": 1}}, {"model": "kuzov.raskhod", "pk": 39, "fields": {"zakaz": 1, "amount": 248, "name": "тросик", "spare_part": false, "date": "2025-06-08", "cheque": "", "time_create": "2025-08-07T13:54:51.092Z", "cashier": 1}}, {"model": "kuzov.raskhod", "pk": 40, "fields": {"zakaz": 13, "amount": 4500, "name": "Сергей аванс", "spare_part": true, "date": "2025-06-08", "cheque": "", "time_create": "2025-08-07T13:57:02.191Z", "cashier": 1}}, {"model": "kuzov.raskhod", "pk": 41, "fields": {"zakaz": 12, "amount": 1267, "name": "расходник", "spare_part": false, "date": "2025-06-09", "cheque": "", "time_create": "2025-08-07T14:13:46.441Z", "cashier": 1}}, {"model": "kuzov.raskhod", "pk": 42, "fields": {"zakaz": 1, "amount": 1158, "name": "заправка", "spare_part": false, "date": "2025-06-09", "cheque": "", "time_create": "2025-08-07T14:14:42.703Z", "cashier": 1}}, {"model": "kuzov.raskhod", "pk": 43, "fields": {"zakaz": 1, "amount": 2500, "name": "Слава", "spare_part": false, "date": "2025-06-09", "cheque": "", "time_create": "2025-08-07T14:15:06.893Z", "cashier": 1}}, {"model": "kuzov.raskhod", "pk": 44, "fields": {"zakaz": 1, "amount": 2500, "name": "Владимир", "spare_part": false, "date": "2025-06-09", "cheque": "", "time_create": "2025-08-07T14:15:38.238Z", "cashier": 1}}, {"model": "kuzov.raskhod", "pk": 45, "fields": {"zakaz": 13, "amount": 720, "name": "круги и зачистка", "spare_part": false, "date": "2025-06-10", "cheque": "", "time_create": "2025-08-07T14:18:06.908Z", "cashier": 1}}, {"model": "kuzov.raskhod", "pk": 46, "fields": {"zakaz": 1, "amount": 2500, "name": "Владимир", "spare_part": false, "date": "2025-06-10", "cheque": "", "time_create": "2025-08-07T14:20:02.185Z", "cashier": 1}}, {"model": "kuzov.raskhod", "pk": 47, "fields": {"zakaz": 18, "amount": 3410, "name": "краска", "spare_part": false, "date": "2025-06-10", "cheque": "", "time_create": "2025-08-07T14:27:44.327Z", "cashier": 1}}, {"model": "kuzov.raskhod", "pk": 48, "fields": {"zakaz": 12, "amount": 1587, "name": "шпатлевка", "spare_part": false, "date": "2025-06-10", "cheque": "", "time_create": "2025-08-07T14:28:29.028Z", "cashier": 1}}, {"model": "kuzov.raskhod", "pk": 49, "fields": {"zakaz": 4, "amount": 4321, "name": "расходник", "spare_part": false, "date": "2025-06-10", "cheque": "", "time_create": "2025-08-07T14:28:54.666Z", "cashier": 1}}, {"model": "kuzov.raskhod", "pk": 50, "fields": {"zakaz": 12, "amount": 4911, "name": "краска", "spare_part": false, "date": "2025-06-11", "cheque": "", "time_create": "2025-08-07T14:31:23.143Z", "cashier": 1}}, {"model": "kuzov.raskhod", "pk": 51, "fields": {"zakaz": 19, "amount": 866, "name": "доставка косы", "spare_part": true, "date": "2025-06-11", "cheque": "", "time_create": "2025-08-07T14:34:33.500Z", "cashier": 1}}, {"model": "kuzov.raskhod", "pk": 52, "fields": {"zakaz": 1, "amount": 2500, "name": "Слава", "spare_part": false, "date": "2025-06-11", "cheque": "", "time_create": "2025-08-07T14:36:08.149Z", "cashier": 1}}, {"model": "kuzov.raskhod", "pk": 53, "fields": {"zakaz": 12, "amount": 3739, "name": "расходник", "spare_part": false, "date": "2025-06-13", "cheque": "", "time_create": "2025-08-07T14:37:17.418Z", "cashier": 1}}, {"model": "kuzov.raskhod", "pk": 54, "fields": {"zakaz": 4, "amount": 3000, "name": "подкрылки Японец", "spare_part": true, "date": "2025-06-13", "cheque": "", "time_create": "2025-08-07T14:38:13.686Z", "cashier": 1}}, {"model": "kuzov.raskhod", "pk": 55, "fields": {"zakaz": 4, "amount": 1440, "name": "защита Автопартнер", "spare_part": true, "date": "2025-06-13", "cheque": "", "time_create": "2025-08-07T14:38:59.234Z", "cashier": 1}}, {"model": "kuzov.raskhod", "pk": 56, "fields": {"zakaz": 1, "amount": 2000, "name": "Владимир", "spare_part": false, "date": "2025-06-13", "cheque": "", "time_create": "2025-08-07T14:48:46.336Z", "cashier": 1}}, {"model": "kuzov.raskhod", "pk": 57, "fields": {"zakaz": 1, "amount": 2000, "name": "Антон", "spare_part": false, "date": "2025-06-13", "cheque": "", "time_create": "2025-08-07T14:49:46.416Z", "cashier": 1}}, {"model": "kuzov.raskhod", "pk": 58, "fields": {"zakaz": 1, "amount": 2500, "name": "Слава", "spare_part": false, "date": "2025-06-13", "cheque": "", "time_create": "2025-08-07T14:51:43.545Z", "cashier": 1}}, {"model": "kuzov.raskhod", "pk": 59, "fields": {"zakaz": 1, "amount": 950, "name": "мегафон", "spare_part": false, "date": "2025-06-13", "cheque": "", "time_create": "2025-08-07T14:53:08.580Z", "cashier": 1}}, {"model": "kuzov.raskhod", "pk": 60, "fields": {"zakaz": 4, "amount": 1020, "name": "клипсы", "spare_part": true, "date": "2025-06-14", "cheque": "", "time_create": "2025-08-07T14:54:01.728Z", "cashier": 1}}, {"model": "kuzov.raskhod", "pk": 61, "fields": {"zakaz": 1, "amount": 2000, "name": "Владимир", "spare_part": false, "date": "2025-06-14", "cheque": "", "time_create": "2025-08-07T14:54:41.891Z", "cashier": 1}}, {"model": "kuzov.raskhod", "pk": 62, "fields": {"zakaz": 1, "amount": 2000, "name": "Слава", "spare_part": false, "date": "2025-06-14", "cheque": "", "time_create": "2025-08-07T14:55:14.826Z", "cashier": 1}}, {"model": "kuzov.raskhod", "pk": 63, "fields": {"zakaz": 4, "amount": 310, "name": "герметик", "spare_part": false, "date": "2025-06-14", "cheque": "", "time_create": "2025-08-07T14:56:21.836Z", "cashier": 1}}, {"model": "kuzov.raskhod", "pk": 64, "fields": {"zakaz": 4, "amount": 2150, "name": "расходник", "spare_part": false, "date": "2025-06-15", "cheque": "", "time_create": "2025-08-07T14:58:15.432Z", "cashier": 1}}, {"model": "kuzov.raskhod", "pk": 65, "fields": {"zakaz": 21, "amount": 2368, "name": "краска", "spare_part": false, "date": "2025-06-15", "cheque": "", "time_create": "2025-08-07T15:00:14.200Z", "cashier": 1}}, {"model": "kuzov.raskhod", "pk": 66, "fields": {"zakaz": 22, "amount": 3206, "name": "краска", "spare_part": false, "date": "2025-06-15", "cheque": "", "time_create": "2025-08-07T15:01:50.279Z", "cashier": 1}}, {"model": "kuzov.raskhod", "pk": 67, "fields": {"zakaz": 1, "amount": 870, "name": "заправка", "spare_part": false, "date": "2025-06-15", "cheque": "", "time_create": "2025-08-07T15:02:18.656Z", "cashier": 1}}, {"model": "kuzov.raskhod", "pk": 68, "fields": {"zakaz": 1, "amount": 1000, "name": "Владимир", "spare_part": false, "date": "2025-06-15", "cheque": "", "time_create": "2025-08-07T15:02:42.002Z", "cashier": 1}}, {"model": "kuzov.raskhod", "pk": 69, "fields": {"zakaz": 4, "amount": 310, "name": "герметик", "spare_part": false, "date": "2025-06-16", "cheque": "", "time_create": "2025-08-07T15:12:05.329Z", "cashier": 1}}, {"model": "kuzov.raskhod", "pk": 70, "fields": {"zakaz": 1, "amount": 1500, "name": "Владимир", "spare_part": false, "date": "2025-06-16", "cheque": "", "time_create": "2025-08-07T15:18:35.051Z", "cashier": 1}}, {"model": "kuzov.raskhod", "pk": 71, "fields": {"zakaz": 1, "amount": 5000, "name": "Слава", "spare_part": false, "date": "2025-06-16", "cheque": "", "time_create": "2025-08-07T15:19:02.386Z", "cashier": 1}}, {"model": "kuzov.raskhod", "pk": 72, "fields": {"zakaz": 23, "amount": 1024, "name": "расходник", "spare_part": false, "date": "2025-06-17", "cheque": "", "time_create": "2025-08-07T15:46:48.845Z", "cashier": 1}}, {"model": "kuzov.raskhod", "pk": 73, "fields": {"zakaz": 1, "amount": 5600, "name": "бочка Дима слесарные работы", "spare_part": false, "date": "2025-06-17", "cheque": "", "time_create": "2025-08-07T15:47:57.374Z", "cashier": 1}}, {"model": "kuzov.raskhod", "pk": 74, "fields": {"zakaz": 22, "amount": 310, "name": "герметик", "spare_part": false, "date": "2025-06-17", "cheque": "", "time_create": "2025-08-07T15:49:11.314Z", "cashier": 1}}, {"model": "kuzov.raskhod", "pk": 75, "fields": {"zakaz": 1, "amount": 5000, "name": "Слава", "spare_part": false, "date": "2025-06-18", "cheque": "", "time_create": "2025-08-07T15:50:17.088Z", "cashier": 1}}, {"model": "kuzov.raskhod", "pk": 76, "fields": {"zakaz": 1, "amount": 2500, "name": "Владимир", "spare_part": false, "date": "2025-06-18", "cheque": "", "time_create": "2025-08-07T15:50:45.265Z", "cashier": 1}}, {"model": "kuzov.raskhod", "pk": 77, "fields": {"zakaz": 1, "amount": 1230, "name": "доставка", "spare_part": false, "date": "2025-06-18", "cheque": "", "time_create": "2025-08-07T15:51:24.732Z", "cashier": 1}}, {"model": "kuzov.raskhod", "pk": 78, "fields": {"zakaz": 23, "amount": 9914, "name": "краска", "spare_part": false, "date": "2025-06-18", "cheque": "", "time_create": "2025-08-07T15:52:02.804Z", "cashier": 1}}, {"model": "kuzov.raskhod", "pk": 79, "fields": {"zakaz": 21, "amount": 970, "name": "краска", "spare_part": false, "date": "2025-06-18", "cheque": "", "time_create": "2025-08-07T15:52:37.217Z", "cashier": 1}}, {"model": "kuzov.raskhod", "pk": 80, "fields": {"zakaz": 1, "amount": 1338, "name": "бумага", "spare_part": false, "date": "2025-06-18", "cheque": "", "time_create": "2025-08-07T15:53:03.884Z", "cashier": 1}}, {"model": "kuzov.raskhod", "pk": 81, "fields": {"zakaz": 22, "amount": 3801, "name": "краска", "spare_part": false, "date": "2025-06-18", "cheque": "", "time_create": "2025-08-07T15:53:45.302Z", "cashier": 1}}, {"model": "kuzov.raskhod", "pk": 82, "fields": {"zakaz": 1, "amount": 1219, "name": "заправка", "spare_part": false, "date": "2025-06-20", "cheque": "", "time_create": "2025-08-07T15:55:20.822Z", "cashier": 1}}, {"model": "kuzov.raskhod", "pk": 83, "fields": {"zakaz": 1, "amount": 35000, "name": "аренда", "spare_part": false, "date": "2025-06-20", "cheque": "", "time_create": "2025-08-07T15:55:57.308Z", "cashier": 1}}, {"model": "kuzov.raskhod", "pk": 84, "fields": {"zakaz": 1, "amount": 2500, "name": "Владимир", "spare_part": false, "date": "2025-06-21", "cheque": "", "time_create": "2025-08-07T16:03:15.800Z", "cashier": 1}}, {"model": "kuzov.raskhod", "pk": 85, "fields": {"zakaz": 1, "amount": 5000, "name": "Слава", "spare_part": false, "date": "2025-06-21", "cheque": "", "time_create": "2025-08-07T16:03:45.269Z", "cashier": 1}}, {"model": "kuzov.raskhod", "pk": 86, "fields": {"zakaz": 24, "amount": 4948, "name": "расходник", "spare_part": false, "date": "2025-06-21", "cheque": "", "time_create": "2025-08-07T16:04:29.057Z", "cashier": 1}}, {"model": "kuzov.raskhod", "pk": 87, "fields": {"zakaz": 23, "amount": 220, "name": "клипсы", "spare_part": true, "date": "2025-06-21", "cheque": "", "time_create": "2025-08-07T16:05:12.743Z", "cashier": 1}}, {"model": "kuzov.raskhod", "pk": 88, "fields": {"zakaz": 23, "amount": 3250, "name": "фонарь задний", "spare_part": true, "date": "2025-06-21", "cheque": "", "time_create": "2025-08-07T16:06:03.800Z", "cashier": 1}}, {"model": "kuzov.raskhod", "pk": 89, "fields": {"zakaz": 23, "amount": 5000, "name": "крепления бампера", "spare_part": true, "date": "2025-06-21", "cheque": "", "time_create": "2025-08-07T16:06:39.038Z", "cashier": 1}}, {"model": "kuzov.raskhod", "pk": 90, "fields": {"zakaz": 1, "amount": 1237, "name": "заправка", "spare_part": false, "date": "2025-06-22", "cheque": "", "time_create": "2025-08-07T16:12:41.629Z", "cashier": 1}}, {"model": "kuzov.raskhod", "pk": 91, "fields": {"zakaz": 1, "amount": 2500, "name": "Владимир", "spare_part": false, "date": "2025-06-23", "cheque": "", "time_create": "2025-08-07T16:13:11.492Z", "cashier": 1}}, {"model": "kuzov.raskhod", "pk": 92, "fields": {"zakaz": 1, "amount": 2500, "name": "Владимир", "spare_part": false, "date": "2025-06-24", "cheque": "", "time_create": "2025-08-07T16:19:06.255Z", "cashier": 1}}, {"model": "kuzov.raskhod", "pk": 93, "fields": {"zakaz": 24, "amount": 4460, "name": "краска", "spare_part": false, "date": "2025-06-24", "cheque": "", "time_create": "2025-08-07T16:19:41.293Z", "cashier": 1}}, {"model": "kuzov.raskhod", "pk": 94, "fields": {"zakaz": 23, "amount": 5161, "name": "расходник", "spare_part": false, "date": "2025-06-24", "cheque": "", "time_create": "2025-08-07T16:20:31.679Z", "cashier": 1}}, {"model": "kuzov.raskhod", "pk": 95, "fields": {"zakaz": 26, "amount": 2400, "name": "стекольщик (зеркала)", "spare_part": true, "date": "2025-06-24", "cheque": "", "time_create": "2025-08-07T16:23:02.457Z", "cashier": 1}}, {"model": "kuzov.raskhod", "pk": 96, "fields": {"zakaz": 1, "amount": 40000, "name": "аренда", "spare_part": false, "date": "2025-06-24", "cheque": "", "time_create": "2025-08-07T16:23:43.164Z", "cashier": 1}}, {"model": "kuzov.raskhod", "pk": 97, "fields": {"zakaz": 28, "amount": 10799, "name": "расходник", "spare_part": false, "date": "2025-06-25", "cheque": "", "time_create": "2025-08-07T16:54:03.878Z", "cashier": 1}}, {"model": "kuzov.raskhod", "pk": 98, "fields": {"zakaz": 11, "amount": 810, "name": "расходник", "spare_part": false, "date": "2025-06-25", "cheque": "", "time_create": "2025-08-07T16:55:06.133Z", "cashier": 1}}, {"model": "kuzov.raskhod", "pk": 99, "fields": {"zakaz": 1, "amount": 1171, "name": "заправка", "spare_part": false, "date": "2025-06-25", "cheque": "", "time_create": "2025-08-07T16:55:31.841Z", "cashier": 1}}, {"model": "kuzov.raskhod", "pk": 100, "fields": {"zakaz": 1, "amount": 2500, "name": "Владимир", "spare_part": false, "date": "2025-06-25", "cheque": "", "time_create": "2025-08-07T16:56:24.296Z", "cashier": 1}}, {"model": "kuzov.raskhod", "pk": 101, "fields": {"zakaz": 26, "amount": 2640, "name": "петли левые", "spare_part": true, "date": "2025-06-25", "cheque": "", "time_create": "2025-08-07T16:56:58.908Z", "cashier": 1}}, {"model": "kuzov.raskhod", "pk": 102, "fields": {"zakaz": 26, "amount": 6175, "name": "крыло пер пр", "spare_part": true, "date": "2025-06-25", "cheque": "", "time_create": "2025-08-07T16:57:43.613Z", "cashier": 1}}, {"model": "kuzov.raskhod", "pk": 103, "fields": {"zakaz": 28, "amount": 442, "name": "праймер", "spare_part": false, "date": "2025-06-26", "cheque": "", "time_create": "2025-08-07T17:03:45.666Z", "cashier": 1}}, {"model": "kuzov.raskhod", "pk": 104, "fields": {"zakaz": 1, "amount": 5000, "name": "Владимир", "spare_part": false, "date": "2025-06-26", "cheque": "", "time_create": "2025-08-07T17:04:46.720Z", "cashier": 1}}, {"model": "kuzov.raskhod", "pk": 105, "fields": {"zakaz": 24, "amount": 290, "name": "герметик", "spare_part": false, "date": "2025-06-26", "cheque": "", "time_create": "2025-08-07T17:05:37.831Z", "cashier": 1}}, {"model": "kuzov.raskhod", "pk": 106, "fields": {"zakaz": 26, "amount": 12500, "name": "фонари задние", "spare_part": true, "date": "2025-06-26", "cheque": "", "time_create": "2025-08-07T17:06:11.813Z", "cashier": 1}}, {"model": "kuzov.raskhod", "pk": 107, "fields": {"zakaz": 29, "amount": 3032, "name": "краска", "spare_part": false, "date": "2025-06-28", "cheque": "", "time_create": "2025-08-07T17:10:51.859Z", "cashier": 1}}, {"model": "kuzov.raskhod", "pk": 108, "fields": {"zakaz": 23, "amount": 5956, "name": "расходник", "spare_part": false, "date": "2025-06-28", "cheque": "", "time_create": "2025-08-07T17:14:07.938Z", "cashier": 1}}, {"model": "kuzov.raskhod", "pk": 109, "fields": {"zakaz": 28, "amount": 3519, "name": "расходник", "spare_part": false, "date": "2025-06-28", "cheque": "", "time_create": "2025-08-07T17:14:37.666Z", "cashier": 1}}, {"model": "kuzov.raskhod", "pk": 110, "fields": {"zakaz": 1, "amount": 210, "name": "чай", "spare_part": false, "date": "2025-06-29", "cheque": "", "time_create": "2025-08-07T17:15:11.405Z", "cashier": 1}}, {"model": "kuzov.raskhod", "pk": 111, "fields": {"zakaz": 1, "amount": 1160, "name": "заправка", "spare_part": false, "date": "2025-06-29", "cheque": "", "time_create": "2025-08-07T17:15:38.746Z", "cashier": 1}}, {"model": "kuzov.raskhod", "pk": 112, "fields": {"zakaz": 23, "amount": 965, "name": "расходник", "spare_part": false, "date": "2025-06-30", "cheque": "", "time_create": "2025-08-07T17:16:26.449Z", "cashier": 1}}, {"model": "kuzov.raskhod", "pk": 113, "fields": {"zakaz": 26, "amount": 750, "name": "расходник", "spare_part": false, "date": "2025-06-30", "cheque": "", "time_create": "2025-08-07T17:17:03.374Z", "cashier": 1}}, {"model": "kuzov.raskhod", "pk": 114, "fields": {"zakaz": 30, "amount": 2500, "name": "Владимир", "spare_part": false, "date": "2025-06-30", "cheque": "", "time_create": "2025-08-07T17:23:24.080Z", "cashier": 1}}, {"model": "kuzov.raskhod", "pk": 115, "fields": {"zakaz": 1, "amount": 144, "name": "коробка по бетону", "spare_part": false, "date": "2025-06-30", "cheque": "", "time_create": "2025-08-07T17:26:33.366Z", "cashier": 1}}, {"model": "kuzov.raskhod", "pk": 116, "fields": {"zakaz": 1, "amount": 5000, "name": "Слава", "spare_part": false, "date": "2025-06-30", "cheque": "", "time_create": "2025-08-07T17:27:02.055Z", "cashier": 1}}, {"model": "kuzov.raskhod", "pk": 117, "fields": {"zakaz": 1, "amount": 2500, "name": "Владимир", "spare_part": false, "date": "2025-06-30", "cheque": "", "time_create": "2025-08-07T17:27:28.012Z", "cashier": 1}}, {"model": "kuzov.raskhod", "pk": 118, "fields": {"zakaz": 1, "amount": 780, "name": "кабель Вите", "spare_part": false, "date": "2025-06-30", "cheque": "", "time_create": "2025-08-07T17:27:56.701Z", "cashier": 1}}, {"model": "kuzov.raskhod", "pk": 119, "fields": {"zakaz": 1, "amount": 11762, "name": "аренда", "spare_part": false, "date": "2025-06-30", "cheque": "", "time_create": "2025-08-07T17:28:29.807Z", "cashier": 1}}, {"model": "kuzov.raskhod", "pk": 120, "fields": {"zakaz": 1, "amount": 4568, "name": "аренда", "spare_part": false, "date": "2025-06-30", "cheque": "", "time_create": "2025-08-07T17:28:56.461Z", "cashier": 1}}, {"model": "kuzov.raskhod", "pk": 121, "fields": {"zakaz": 1, "amount": 5000, "name": "Владимир", "spare_part": false, "date": "2025-07-01", "cheque": "", "time_create": "2025-08-08T10:26:38.052Z", "cashier": 1}}, {"model": "kuzov.raskhod", "pk": 122, "fields": {"zakaz": 1, "amount": 177, "name": "отправка отчета", "spare_part": false, "date": "2025-07-02", "cheque": "", "time_create": "2025-08-08T10:31:22.256Z", "cashier": 1}}, {"model": "kuzov.raskhod", "pk": 123, "fields": {"zakaz": 1, "amount": 1080, "name": "Спринтер балка", "spare_part": false, "date": "2025-07-03", "cheque": "", "time_create": "2025-08-08T10:32:23.008Z", "cashier": 1}}, {"model": "kuzov.raskhod", "pk": 124, "fields": {"zakaz": 26, "amount": 3568, "name": "расходник", "spare_part": false, "date": "2025-07-03", "cheque": "", "time_create": "2025-08-08T10:32:55.654Z", "cashier": 1}}, {"model": "kuzov.raskhod", "pk": 125, "fields": {"zakaz": 1, "amount": 380, "name": "бумага", "spare_part": false, "date": "2025-07-03", "cheque": "", "time_create": "2025-08-08T10:33:20.424Z", "cashier": 1}}, {"model": "kuzov.raskhod", "pk": 126, "fields": {"zakaz": 1, "amount": 1159, "name": "заправка", "spare_part": false, "date": "2025-07-03", "cheque": "", "time_create": "2025-08-08T10:33:52.506Z", "cashier": 1}}, {"model": "kuzov.raskhod", "pk": 127, "fields": {"zakaz": 1, "amount": 7500, "name": "Слава", "spare_part": false, "date": "2025-07-04", "cheque": "", "time_create": "2025-08-08T10:34:25.001Z", "cashier": 1}}, {"model": "kuzov.raskhod", "pk": 128, "fields": {"zakaz": 1, "amount": 5000, "name": "Владимир", "spare_part": false, "date": "2025-07-04", "cheque": "", "time_create": "2025-08-08T10:34:44.926Z", "cashier": 1}}, {"model": "kuzov.raskhod", "pk": 129, "fields": {"zakaz": 1, "amount": 200, "name": "гибкая подводка", "spare_part": false, "date": "2025-07-07", "cheque": "", "time_create": "2025-08-08T10:46:57.531Z", "cashier": 1}}, {"model": "kuzov.raskhod", "pk": 130, "fields": {"zakaz": 34, "amount": 2010, "name": "краска", "spare_part": false, "date": "2025-07-07", "cheque": "", "time_create": "2025-08-08T10:48:40.691Z", "cashier": 1}}, {"model": "kuzov.raskhod", "pk": 131, "fields": {"zakaz": 26, "amount": 1520, "name": "расходник", "spare_part": false, "date": "2025-07-07", "cheque": "", "time_create": "2025-08-08T10:49:15.514Z", "cashier": 1}}, {"model": "kuzov.raskhod", "pk": 132, "fields": {"zakaz": 1, "amount": 2500, "name": "Владимир", "spare_part": false, "date": "2025-07-07", "cheque": "", "time_create": "2025-08-08T10:50:10.216Z", "cashier": 1}}, {"model": "kuzov.raskhod", "pk": 133, "fields": {"zakaz": 1, "amount": 2500, "name": "Слава", "spare_part": false, "date": "2025-07-07", "cheque": "", "time_create": "2025-08-08T10:50:35.131Z", "cashier": 1}}, {"model": "kuzov.raskhod", "pk": 134, "fields": {"zakaz": 32, "amount": 3000, "name": "Стекольщик", "spare_part": true, "date": "2025-07-07", "cheque": "", "time_create": "2025-08-08T10:51:15.539Z", "cashier": 1}}, {"model": "kuzov.raskhod", "pk": 135, "fields": {"zakaz": 1, "amount": 2500, "name": "Слава", "spare_part": false, "date": "2025-07-08", "cheque": "", "time_create": "2025-08-08T10:52:11.737Z", "cashier": 1}}, {"model": "kuzov.raskhod", "pk": 136, "fields": {"zakaz": 33, "amount": 4143, "name": "расходник", "spare_part": false, "date": "2025-07-09", "cheque": "", "time_create": "2025-08-08T10:53:09.898Z", "cashier": 1}}, {"model": "kuzov.raskhod", "pk": 137, "fields": {"zakaz": 1, "amount": 2500, "name": "Слава", "spare_part": false, "date": "2025-07-10", "cheque": "", "time_create": "2025-08-08T10:54:20.840Z", "cashier": 1}}, {"model": "kuzov.raskhod", "pk": 138, "fields": {"zakaz": 33, "amount": 7500, "name": "накладка на дверь", "spare_part": true, "date": "2025-07-10", "cheque": "", "time_create": "2025-08-08T10:55:06.978Z", "cashier": 1}}, {"model": "kuzov.raskhod", "pk": 139, "fields": {"zakaz": 35, "amount": 2940, "name": "Краска", "spare_part": false, "date": "2025-07-10", "cheque": "", "time_create": "2025-08-08T11:04:28.068Z", "cashier": 1}}, {"model": "kuzov.raskhod", "pk": 140, "fields": {"zakaz": 1, "amount": 1171, "name": "заправка", "spare_part": false, "date": "2025-07-10", "cheque": "", "time_create": "2025-08-08T11:05:00.861Z", "cashier": 1}}, {"model": "kuzov.raskhod", "pk": 141, "fields": {"zakaz": 1, "amount": 390, "name": "пельмени", "spare_part": false, "date": "2025-07-10", "cheque": "", "time_create": "2025-08-08T11:05:26.925Z", "cashier": 1}}, {"model": "kuzov.raskhod", "pk": 142, "fields": {"zakaz": 1, "amount": 2500, "name": "Владимир", "spare_part": false, "date": "2025-07-10", "cheque": "", "time_create": "2025-08-08T11:05:49.611Z", "cashier": 1}}, {"model": "kuzov.raskhod", "pk": 143, "fields": {"zakaz": 33, "amount": 1536, "name": "расходник", "spare_part": false, "date": "2025-07-11", "cheque": "", "time_create": "2025-08-08T11:08:15.549Z", "cashier": 1}}, {"model": "kuzov.raskhod", "pk": 144, "fields": {"zakaz": 33, "amount": 2940, "name": "краска", "spare_part": false, "date": "2025-07-11", "cheque": "", "time_create": "2025-08-08T11:08:59.906Z", "cashier": 1}}, {"model": "kuzov.raskhod", "pk": 145, "fields": {"zakaz": 1, "amount": 3850, "name": "Спринтер лобовое стекло", "spare_part": false, "date": "2025-07-11", "cheque": "", "time_create": "2025-08-08T11:10:18.217Z", "cashier": 1}}, {"model": "kuzov.raskhod", "pk": 146, "fields": {"zakaz": 1, "amount": 2065, "name": "Спринтер фара правая", "spare_part": false, "date": "2025-07-11", "cheque": "", "time_create": "2025-08-08T11:10:53.488Z", "cashier": 1}}, {"model": "kuzov.raskhod", "pk": 147, "fields": {"zakaz": 1, "amount": 1530, "name": "Спринтер решетка радиатора", "spare_part": false, "date": "2025-07-11", "cheque": "", "time_create": "2025-08-08T11:11:24.058Z", "cashier": 1}}, {"model": "kuzov.raskhod", "pk": 148, "fields": {"zakaz": 1, "amount": 3685, "name": "Спринтер радиатор", "spare_part": false, "date": "2025-07-11", "cheque": "", "time_create": "2025-08-08T11:11:59.101Z", "cashier": 1}}, {"model": "kuzov.raskhod", "pk": 149, "fields": {"zakaz": 1, "amount": 320, "name": "бочка поворотник в крыло", "spare_part": false, "date": "2025-07-11", "cheque": "", "time_create": "2025-08-08T11:12:35.410Z", "cashier": 1}}, {"model": "kuzov.raskhod", "pk": 150, "fields": {"zakaz": 1, "amount": 416, "name": "чай, сахар", "spare_part": false, "date": "2025-07-11", "cheque": "", "time_create": "2025-08-08T11:13:03.913Z", "cashier": 1}}, {"model": "kuzov.raskhod", "pk": 151, "fields": {"zakaz": 1, "amount": 2500, "name": "Владимир", "spare_part": false, "date": "2025-07-11", "cheque": "", "time_create": "2025-08-08T11:16:40.808Z", "cashier": 1}}, {"model": "kuzov.raskhod", "pk": 152, "fields": {"zakaz": 1, "amount": 21870, "name": "2гис за август", "spare_part": false, "date": "2025-07-11", "cheque": "", "time_create": "2025-08-08T11:19:45.432Z", "cashier": 1}}, {"model": "kuzov.raskhod", "pk": 153, "fields": {"zakaz": 33, "amount": 155, "name": "скотч", "spare_part": false, "date": "2025-07-12", "cheque": "", "time_create": "2025-08-08T11:22:23.079Z", "cashier": 1}}, {"model": "kuzov.raskhod", "pk": 154, "fields": {"zakaz": 1, "amount": 2500, "name": "Владимир", "spare_part": false, "date": "2025-07-12", "cheque": "", "time_create": "2025-08-08T11:24:58.074Z", "cashier": 1}}, {"model": "kuzov.raskhod", "pk": 155, "fields": {"zakaz": 1, "amount": 2500, "name": "Слава", "spare_part": false, "date": "2025-07-12", "cheque": "", "time_create": "2025-08-08T11:25:22.406Z", "cashier": 1}}, {"model": "kuzov.raskhod", "pk": 156, "fields": {"zakaz": 1, "amount": 5000, "name": "Спринтер бампер передний", "spare_part": false, "date": "2025-07-12", "cheque": "", "time_create": "2025-08-08T11:27:55.407Z", "cashier": 1}}, {"model": "kuzov.raskhod", "pk": 157, "fields": {"zakaz": 1, "amount": 2000, "name": "трещотки", "spare_part": false, "date": "2025-07-12", "cheque": "", "time_create": "2025-08-08T11:31:27.563Z", "cashier": 1}}, {"model": "kuzov.raskhod", "pk": 158, "fields": {"zakaz": 1, "amount": 1856, "name": "доставка", "spare_part": false, "date": "2025-07-14", "cheque": "", "time_create": "2025-08-08T11:35:48.016Z", "cashier": 1}}, {"model": "kuzov.raskhod", "pk": 159, "fields": {"zakaz": 1, "amount": 547, "name": "хомуты", "spare_part": false, "date": "2025-07-14", "cheque": "", "time_create": "2025-08-08T11:36:41.379Z", "cashier": 1}}, {"model": "kuzov.raskhod", "pk": 160, "fields": {"zakaz": 1, "amount": 2386, "name": "бумага", "spare_part": false, "date": "2025-07-14", "cheque": "", "time_create": "2025-08-08T11:37:07.644Z", "cashier": 1}}, {"model": "kuzov.raskhod", "pk": 161, "fields": {"zakaz": 1, "amount": 5947, "name": "Спринтер расходник", "spare_part": false, "date": "2025-07-14", "cheque": "", "time_create": "2025-08-08T11:37:41.931Z", "cashier": 1}}, {"model": "kuzov.raskhod", "pk": 162, "fields": {"zakaz": 32, "amount": 8953, "name": "расходник", "spare_part": false, "date": "2025-07-14", "cheque": "", "time_create": "2025-08-08T11:38:16.999Z", "cashier": 1}}, {"model": "kuzov.raskhod", "pk": 163, "fields": {"zakaz": 1, "amount": 7500, "name": "Владимир", "spare_part": false, "date": "2025-07-15", "cheque": "", "time_create": "2025-08-08T11:38:51.238Z", "cashier": 1}}, {"model": "kuzov.raskhod", "pk": 164, "fields": {"zakaz": 32, "amount": 650, "name": "расходник", "spare_part": false, "date": "2025-07-15", "cheque": "", "time_create": "2025-08-08T11:39:28.266Z", "cashier": 1}}, {"model": "kuzov.raskhod", "pk": 165, "fields": {"zakaz": 1, "amount": 7500, "name": "Слава", "spare_part": false, "date": "2025-07-15", "cheque": "", "time_create": "2025-08-08T11:39:53.988Z", "cashier": 1}}, {"model": "kuzov.raskhod", "pk": 166, "fields": {"zakaz": 1, "amount": 950, "name": "мегафон", "spare_part": false, "date": "2025-07-17", "cheque": "", "time_create": "2025-08-08T11:43:16.629Z", "cashier": 1}}, {"model": "kuzov.raskhod", "pk": 167, "fields": {"zakaz": 1, "amount": 650, "name": "Спринтер антифриз", "spare_part": false, "date": "2025-07-17", "cheque": "", "time_create": "2025-08-08T11:44:18.242Z", "cashier": 1}}, {"model": "kuzov.raskhod", "pk": 168, "fields": {"zakaz": 32, "amount": 1545, "name": "расходник", "spare_part": false, "date": "2025-07-17", "cheque": "", "time_create": "2025-08-08T11:47:28.454Z", "cashier": 1}}, {"model": "kuzov.raskhod", "pk": 169, "fields": {"zakaz": 26, "amount": 3563, "name": "краска с Тигуана", "spare_part": false, "date": "2025-07-17", "cheque": "", "time_create": "2025-08-08T11:47:59.519Z", "cashier": 1}}, {"model": "kuzov.raskhod", "pk": 170, "fields": {"zakaz": 1, "amount": 1171, "name": "доставка", "spare_part": false, "date": "2025-07-17", "cheque": "", "time_create": "2025-08-08T11:48:28.263Z", "cashier": 1}}, {"model": "kuzov.raskhod", "pk": 171, "fields": {"zakaz": 26, "amount": 15798, "name": "краска лак и прочее", "spare_part": false, "date": "2025-07-17", "cheque": "", "time_create": "2025-08-08T11:49:08.019Z", "cashier": 1}}, {"model": "kuzov.raskhod", "pk": 172, "fields": {"zakaz": 1, "amount": 340, "name": "смазка ШРУС", "spare_part": false, "date": "2025-07-17", "cheque": "", "time_create": "2025-08-08T11:50:32.520Z", "cashier": 1}}, {"model": "kuzov.raskhod", "pk": 173, "fields": {"zakaz": 1, "amount": 3000, "name": "Спринтер стекло заднее", "spare_part": false, "date": "2025-07-17", "cheque": "", "time_create": "2025-08-08T11:51:11.734Z", "cashier": 1}}, {"model": "kuzov.raskhod", "pk": 174, "fields": {"zakaz": 1, "amount": 5000, "name": "Слава", "spare_part": false, "date": "2025-07-17", "cheque": "", "time_create": "2025-08-08T11:51:36.545Z", "cashier": 1}}, {"model": "kuzov.raskhod", "pk": 175, "fields": {"zakaz": 1, "amount": 2500, "name": "Владимир", "spare_part": false, "date": "2025-07-17", "cheque": "", "time_create": "2025-08-08T11:51:56.711Z", "cashier": 1}}, {"model": "kuzov.raskhod", "pk": 176, "fields": {"zakaz": 1, "amount": 265, "name": "Спринтер герметик", "spare_part": false, "date": "2025-07-17", "cheque": "", "time_create": "2025-08-08T11:52:51.720Z", "cashier": 1}}, {"model": "kuzov.raskhod", "pk": 177, "fields": {"zakaz": 26, "amount": 2375, "name": "петли правые", "spare_part": true, "date": "2025-07-18", "cheque": "", "time_create": "2025-08-08T11:56:20.578Z", "cashier": 1}}, {"model": "kuzov.raskhod", "pk": 178, "fields": {"zakaz": 37, "amount": 5700, "name": "капот", "spare_part": true, "date": "2025-07-18", "cheque": "", "time_create": "2025-08-08T11:56:49.271Z", "cashier": 1}}, {"model": "kuzov.raskhod", "pk": 179, "fields": {"zakaz": 32, "amount": 2000, "name": "Стекольщик", "spare_part": true, "date": "2025-07-18", "cheque": "", "time_create": "2025-08-08T11:59:25.675Z", "cashier": 1}}, {"model": "kuzov.raskhod", "pk": 180, "fields": {"zakaz": 1, "amount": 5000, "name": "Слава", "spare_part": false, "date": "2025-07-19", "cheque": "", "time_create": "2025-08-08T12:01:09.533Z", "cashier": 1}}, {"model": "kuzov.raskhod", "pk": 181, "fields": {"zakaz": 1, "amount": 5000, "name": "Владимир", "spare_part": false, "date": "2025-07-19", "cheque": "", "time_create": "2025-08-08T12:01:29.659Z", "cashier": 1}}, {"model": "kuzov.raskhod", "pk": 182, "fields": {"zakaz": 1, "amount": 800, "name": "Спринтер тормозной шланг", "spare_part": false, "date": "2025-07-21", "cheque": "", "time_create": "2025-08-08T12:32:15.057Z", "cashier": 1}}, {"model": "kuzov.raskhod", "pk": 183, "fields": {"zakaz": 37, "amount": 1520, "name": "круги, полоски абранет", "spare_part": false, "date": "2025-07-21", "cheque": "", "time_create": "2025-08-08T12:33:03.176Z", "cashier": 1}}, {"model": "kuzov.raskhod", "pk": 184, "fields": {"zakaz": 10, "amount": 5031, "name": "расходник", "spare_part": false, "date": "2025-07-21", "cheque": "", "time_create": "2025-08-08T12:33:29.798Z", "cashier": 1}}, {"model": "kuzov.raskhod", "pk": 185, "fields": {"zakaz": 1, "amount": 2000, "name": "Владимир", "spare_part": false, "date": "2025-07-21", "cheque": "", "time_create": "2025-08-08T12:33:55.167Z", "cashier": 1}}, {"model": "kuzov.raskhod", "pk": 186, "fields": {"zakaz": 1, "amount": 1500, "name": "Владимир", "spare_part": false, "date": "2025-07-24", "cheque": "", "time_create": "2025-08-08T12:36:42.565Z", "cashier": 1}}, {"model": "kuzov.raskhod", "pk": 187, "fields": {"zakaz": 23, "amount": 915, "name": "антифриз зеленый", "spare_part": true, "date": "2025-07-24", "cheque": "", "time_create": "2025-08-08T12:37:21.052Z", "cashier": 1}}, {"model": "kuzov.raskhod", "pk": 188, "fields": {"zakaz": 26, "amount": 6477, "name": "расходник", "spare_part": false, "date": "2025-07-25", "cheque": "", "time_create": "2025-08-08T12:42:15.077Z", "cashier": 1}}, {"model": "kuzov.raskhod", "pk": 189, "fields": {"zakaz": 1, "amount": 586, "name": "доставка", "spare_part": false, "date": "2025-07-25", "cheque": "", "time_create": "2025-08-08T12:43:20.388Z", "cashier": 1}}, {"model": "kuzov.raskhod", "pk": 190, "fields": {"zakaz": 1, "amount": 277, "name": "отправка отчета", "spare_part": false, "date": "2025-07-25", "cheque": "", "time_create": "2025-08-08T12:43:54.758Z", "cashier": 1}}, {"model": "kuzov.raskhod", "pk": 191, "fields": {"zakaz": 1, "amount": 10000, "name": "Владимир", "spare_part": false, "date": "2025-07-25", "cheque": "", "time_create": "2025-08-08T12:46:29.365Z", "cashier": 1}}, {"model": "kuzov.raskhod", "pk": 192, "fields": {"zakaz": 1, "amount": 60, "name": "сахар", "spare_part": false, "date": "2025-07-25", "cheque": "", "time_create": "2025-08-08T12:46:58.079Z", "cashier": 1}}, {"model": "kuzov.raskhod", "pk": 193, "fields": {"zakaz": 26, "amount": 104, "name": "укрывной", "spare_part": false, "date": "2025-07-26", "cheque": "", "time_create": "2025-08-08T12:58:18.027Z", "cashier": 1}}, {"model": "kuzov.raskhod", "pk": 194, "fields": {"zakaz": 29, "amount": 2292, "name": "краска по коду", "spare_part": false, "date": "2025-07-26", "cheque": "", "time_create": "2025-08-08T12:59:00.849Z", "cashier": 1}}, {"model": "kuzov.raskhod", "pk": 195, "fields": {"zakaz": 43, "amount": 2620, "name": "краска", "spare_part": false, "date": "2025-07-26", "cheque": "", "time_create": "2025-08-08T13:01:07.236Z", "cashier": 1}}, {"model": "kuzov.raskhod", "pk": 196, "fields": {"zakaz": 29, "amount": 460, "name": "скотч", "spare_part": false, "date": "2025-07-26", "cheque": "", "time_create": "2025-08-08T13:01:45.768Z", "cashier": 1}}, {"model": "kuzov.raskhod", "pk": 197, "fields": {"zakaz": 1, "amount": 120, "name": "мыло", "spare_part": false, "date": "2025-07-27", "cheque": "", "time_create": "2025-08-08T13:06:28.070Z", "cashier": 1}}, {"model": "kuzov.raskhod", "pk": 198, "fields": {"zakaz": 1, "amount": 310, "name": "Спринтер рамка номера", "spare_part": false, "date": "2025-07-27", "cheque": "", "time_create": "2025-08-08T13:06:57.594Z", "cashier": 1}}, {"model": "kuzov.raskhod", "pk": 199, "fields": {"zakaz": 1, "amount": 17500, "name": "Слава", "spare_part": false, "date": "2025-07-28", "cheque": "", "time_create": "2025-08-08T13:11:01.283Z", "cashier": 1}}, {"model": "kuzov.raskhod", "pk": 200, "fields": {"zakaz": 1, "amount": 4000, "name": "Владимир", "spare_part": false, "date": "2025-07-28", "cheque": "", "time_create": "2025-08-08T13:11:25.741Z", "cashier": 1}}, {"model": "kuzov.raskhod", "pk": 201, "fields": {"zakaz": 1, "amount": 300, "name": "чай", "spare_part": false, "date": "2025-07-28", "cheque": "", "time_create": "2025-08-08T13:11:49.564Z", "cashier": 1}}, {"model": "kuzov.raskhod", "pk": 202, "fields": {"zakaz": 44, "amount": 300, "name": "хомуты", "spare_part": false, "date": "2025-07-29", "cheque": "", "time_create": "2025-08-08T13:17:31.976Z", "cashier": 1}}, {"model": "kuzov.raskhod", "pk": 203, "fields": {"zakaz": 44, "amount": 360, "name": "клепки", "spare_part": false, "date": "2025-07-29", "cheque": "", "time_create": "2025-08-08T13:18:04.857Z", "cashier": 1}}, {"model": "kuzov.raskhod", "pk": 204, "fields": {"zakaz": 29, "amount": 2527, "name": "лак, укрывной", "spare_part": false, "date": "2025-07-29", "cheque": "", "time_create": "2025-08-08T13:18:38.062Z", "cashier": 1}}, {"model": "kuzov.raskhod", "pk": 205, "fields": {"zakaz": 1, "amount": 84, "name": "укрывной", "spare_part": false, "date": "2025-07-29", "cheque": "", "time_create": "2025-08-08T13:19:01.090Z", "cashier": 1}}, {"model": "kuzov.raskhod", "pk": 206, "fields": {"zakaz": 44, "amount": 5532, "name": "расходник", "spare_part": false, "date": "2025-07-29", "cheque": "", "time_create": "2025-08-08T13:19:27.166Z", "cashier": 1}}, {"model": "kuzov.raskhod", "pk": 207, "fields": {"zakaz": 44, "amount": 3315, "name": "лак полироль", "spare_part": false, "date": "2025-07-30", "cheque": "", "time_create": "2025-08-08T13:20:40.534Z", "cashier": 1}}, {"model": "kuzov.raskhod", "pk": 208, "fields": {"zakaz": 41, "amount": 1970, "name": "краска", "spare_part": false, "date": "2025-07-31", "cheque": "", "time_create": "2025-08-08T13:26:03.211Z", "cashier": 1}}, {"model": "kuzov.raskhod", "pk": 209, "fields": {"zakaz": 44, "amount": 140, "name": "скотч", "spare_part": false, "date": "2025-07-31", "cheque": "", "time_create": "2025-08-08T13:26:38.531Z", "cashier": 1}}, {"model": "kuzov.raskhod", "pk": 210, "fields": {"zakaz": 48, "amount": 1510, "name": "подкрылки передние", "spare_part": true, "date": "2025-07-31", "cheque": "", "time_create": "2025-08-08T13:28:13.803Z", "cashier": 1}}, {"model": "kuzov.raskhod", "pk": 211, "fields": {"zakaz": 26, "amount": 5390, "name": "стекло лобовое", "spare_part": true, "date": "2025-07-31", "cheque": "", "time_create": "2025-08-08T13:28:55.287Z", "cashier": 1}}, {"model": "kuzov.raskhod", "pk": 212, "fields": {"zakaz": 1, "amount": 1120, "name": "заправка", "spare_part": false, "date": "2025-07-31", "cheque": "", "time_create": "2025-08-08T13:29:17.613Z", "cashier": 1}}, {"model": "kuzov.raskhod", "pk": 213, "fields": {"zakaz": 1, "amount": 5000, "name": "Слава", "spare_part": false, "date": "2025-07-31", "cheque": "", "time_create": "2025-08-08T13:29:40.862Z", "cashier": 1}}, {"model": "kuzov.raskhod", "pk": 214, "fields": {"zakaz": 47, "amount": 357, "name": "скотч силиконовый", "spare_part": false, "date": "2025-07-31", "cheque": "", "time_create": "2025-08-08T13:30:40.992Z", "cashier": 1}}, {"model": "kuzov.raskhod", "pk": 215, "fields": {"zakaz": 37, "amount": 2126, "name": "шпакля и круги", "spare_part": false, "date": "2025-07-31", "cheque": "", "time_create": "2025-08-08T13:31:16.606Z", "cashier": 1}}, {"model": "kuzov.raskhod", "pk": 216, "fields": {"zakaz": 1, "amount": 87315, "name": "аренда", "spare_part": false, "date": "2025-07-31", "cheque": "", "time_create": "2025-08-08T13:31:42.510Z", "cashier": 1}}, {"model": "kuzov.raskhod", "pk": 217, "fields": {"zakaz": 1, "amount": 5000, "name": "Владимир", "spare_part": false, "date": "2025-08-01", "cheque": "", "time_create": "2025-08-08T14:00:10.631Z", "cashier": 1}}, {"model": "kuzov.raskhod", "pk": 218, "fields": {"zakaz": 49, "amount": 2290, "name": "краска", "spare_part": false, "date": "2025-08-01", "cheque": "", "time_create": "2025-08-08T14:03:41.421Z", "cashier": 1}}, {"model": "kuzov.raskhod", "pk": 219, "fields": {"zakaz": 44, "amount": 2750, "name": "краска", "spare_part": false, "date": "2025-08-01", "cheque": "", "time_create": "2025-08-08T14:04:18.693Z", "cashier": 1}}, {"model": "kuzov.raskhod", "pk": 220, "fields": {"zakaz": 1, "amount": 340, "name": "чай, сахар", "spare_part": false, "date": "2025-08-01", "cheque": "", "time_create": "2025-08-08T14:04:58.172Z", "cashier": 1}}, {"model": "kuzov.raskhod", "pk": 221, "fields": {"zakaz": 44, "amount": 1088, "name": "расходник", "spare_part": false, "date": "2025-08-03", "cheque": "", "time_create": "2025-08-08T14:05:45.127Z", "cashier": 1}}, {"model": "kuzov.raskhod", "pk": 222, "fields": {"zakaz": 1, "amount": 6260, "name": "Слава", "spare_part": false, "date": "2025-08-03", "cheque": "", "time_create": "2025-08-08T14:06:15.457Z", "cashier": 1}}, {"model": "kuzov.raskhod", "pk": 223, "fields": {"zakaz": 47, "amount": 2368, "name": "краска", "spare_part": false, "date": "2025-08-03", "cheque": "", "time_create": "2025-08-08T14:08:39.570Z", "cashier": 1}}, {"model": "kuzov.raskhod", "pk": 224, "fields": {"zakaz": 42, "amount": 3032, "name": "краска", "spare_part": false, "date": "2025-08-03", "cheque": "", "time_create": "2025-08-08T14:09:28.416Z", "cashier": 1}}, {"model": "kuzov.raskhod", "pk": 225, "fields": {"zakaz": 44, "amount": 180, "name": "шайбы", "spare_part": false, "date": "2025-08-04", "cheque": "", "time_create": "2025-08-08T14:17:32.029Z", "cashier": 1}}, {"model": "kuzov.raskhod", "pk": 226, "fields": {"zakaz": 44, "amount": 380, "name": "клепки", "spare_part": false, "date": "2025-08-04", "cheque": "", "time_create": "2025-08-08T14:17:59.594Z", "cashier": 1}}, {"model": "kuzov.raskhod", "pk": 227, "fields": {"zakaz": 1, "amount": 5000, "name": "Владимир", "spare_part": false, "date": "2025-08-04", "cheque": "", "time_create": "2025-08-08T14:20:17.478Z", "cashier": 1}}, {"model": "kuzov.raskhod", "pk": 228, "fields": {"zakaz": 37, "amount": 722, "name": "абранетки", "spare_part": false, "date": "2025-08-05", "cheque": "", "time_create": "2025-08-08T14:27:30.879Z", "cashier": 1}}, {"model": "kuzov.raskhod", "pk": 229, "fields": {"zakaz": 1, "amount": 928, "name": "доставка", "spare_part": false, "date": "2025-08-05", "cheque": "", "time_create": "2025-08-08T14:28:52.956Z", "cashier": 1}}, {"model": "kuzov.raskhod", "pk": 230, "fields": {"zakaz": 1, "amount": 5000, "name": "Слава", "spare_part": false, "date": "2025-08-06", "cheque": "", "time_create": "2025-08-08T14:29:30.903Z", "cashier": 1}}, {"model": "kuzov.client", "pk": 1, "fields": {"name": "A", "phone": "+79999999999"}}, {"model": "kuzov.client", "pk": 2, "fields": {"name": "Синий", "phone": "+79995354444"}}, {"model": "kuzov.client", "pk": 4, "fields": {"name": "Клиент", "phone": "+71111111111"}}, {"model": "kuzov.client", "pk": 5, "fields": {"name": "Клиент2", "phone": "+71111111112"}}, {"model": "kuzov.client", "pk": 6, "fields": {"name": "Клиент3", "phone": "+71111111113"}}, {"model": "kuzov.client", "pk": 7, "fields": {"name": "Клиент4", "phone": "+71111111114"}}, {"model": "kuzov.client", "pk": 8, "fields": {"name": "Клиент5", "phone": "+71111111115"}}, {"model": "kuzov.client", "pk": 9, "fields": {"name": "Клиент6", "phone": "+71111111116"}}, {"model": "kuzov.client", "pk": 10, "fields": {"name": "Клиент7", "phone": "+71111111117"}}, {"model": "kuzov.client", "pk": 11, "fields": {"name": "Клиент7", "phone": "+71111111118"}}, {"model": "kuzov.client", "pk": 12, "fields": {"name": "Клиент8", "phone": "+71111111119"}}, {"model": "kuzov.client", "pk": 13, "fields": {"name": "Клиент9", "phone": "+71111111120"}}, {"model": "kuzov.client", "pk": 14, "fields": {"name": "Клиент10", "phone": "+71111111121"}}, {"model": "kuzov.client", "pk": 15, "fields": {"name": "Клиент11", "phone": "+71111111122"}}, {"model": "kuzov.client", "pk": 16, "fields": {"name": "Клиент12", "phone": "+71111111123"}}, {"model": "kuzov.client", "pk": 17, "fields": {"name": "Клиент13", "phone": "+71111111124"}}, {"model": "kuzov.client", "pk": 18, "fields": {"name": "Клиент14", "phone": "+71111111125"}}, {"model": "kuzov.client", "pk": 19, "fields": {"name": "Н", "phone": "+79516309302"}}, {"model": "kuzov.client", "pk": 20, "fields": {"name": "Клиент15", "phone": "+71111111126"}}, {"model": "kuzov.client", "pk": 21, "fields": {"name": "Слава", "phone": "+78887779999"}}, {"model": "kuzov.client", "pk": 22, "fields": {"name": "Клиент16", "phone": "+71111111127"}}, {"model": "kuzov.client", "pk": 23, "fields": {"name": "Клиент17", "phone": "+71111111128"}}, {"model": "kuzov.client", "pk": 24, "fields": {"name": "Клиент18", "phone": "+71111111129"}}, {"model": "kuzov.client", "pk": 25, "fields": {"name": "Клиент 19", "phone": "+71111111130"}}, {"model": "kuzov.client", "pk": 26, "fields": {"name": "Клиент19", "phone": "+71111111131"}}, {"model": "kuzov.client", "pk": 27, "fields": {"name": "Клиент20", "phone": "+71111111132"}}, {"model": "kuzov.client", "pk": 28, "fields": {"name": "Клиент21", "phone": "+71111111133"}}, {"model": "kuzov.client", "pk": 29, "fields": {"name": "Клиент22", "phone": "+71111111134"}}, {"model": "kuzov.client", "pk": 30, "fields": {"name": "Алексей Цырендоржиевич", "phone": "+79025641505"}}, {"model": "kuzov.client", "pk": 31, "fields": {"name": "клиент23", "phone": "+71111111135"}}, {"model": "kuzov.client", "pk": 32, "fields": {"name": "Клиент24", "phone": "+71111111136"}}, {"model": "kuzov.client", "pk": 33, "fields": {"name": "Клиент25", "phone": "+71111111137"}}, {"model": "kuzov.client", "pk": 34, "fields": {"name": "Клиент26", "phone": "+71111111138"}}, {"model": "kuzov.client", "pk": 35, "fields": {"name": "Клиент27", "phone": "+71111111139"}}, {"model": "kuzov.client", "pk": 36, "fields": {"name": "Клиент28", "phone": "+71111111140"}}, {"model": "kuzov.client", "pk": 37, "fields": {"name": "Артем", "phone": "+79024539899"}}, {"model": "kuzov.client", "pk": 38, "fields": {"name": "Клиент29", "phone": "+71111111141"}}, {"model": "kuzov.client", "pk": 39, "fields": {"name": "Клиент30", "phone": "+71111111142"}}, {"model": "kuzov.client", "pk": 40, "fields": {"name": "Клиент31", "phone": "+71111111143"}}, {"model": "kuzov.client", "pk": 41, "fields": {"name": "клиент32", "phone": "+71111111144"}}, {"model": "kuzov.client", "pk": 42, "fields": {"name": "Клиент33", "phone": "+71111111145"}}, {"model": "kuzov.client", "pk": 43, "fields": {"name": "Клиент34", "phone": "+71111111146"}}, {"model": "kuzov.client", "pk": 44, "fields": {"name": "Клиент35", "phone": "+71111111147"}}, {"model": "kuzov.client", "pk": 45, "fields": {"name": "клиент36", "phone": "+71111111148"}}, {"model": "kuzov.client", "pk": 46, "fields": {"name": "Клиент37", "phone": "+71111111149"}}, {"model": "kuzov.client", "pk": 47, "fields": {"name": "Клиент38", "phone": "+71111111150"}}, {"model": "kuzov.client", "pk": 48, "fields": {"name": "клиент39", "phone": "+71111111151"}}, {"model": "kuzov.client", "pk": 49, "fields": {"name": "клиент40", "phone": "+71111111152"}}, {"model": "kuzov.client", "pk": 50, "fields": {"name": "клиент41", "phone": "+71111111153"}}, {"model": "users.user", "pk": 1, "fields": {"password": "pbkdf2_sha256$1000000$NeVQpYxHJzfpF8Gjs332Lb$43a7oyd+GzbuqWwDIlqatoDwZMAb3SEx6ECzkcflMAA=", "last_login": "2025-08-07T12:12:19.658Z", "is_superuser": true, "username": "kmaster", "first_name": "", "last_name": "", "email": "", "is_staff": true, "is_active": true, "date_joined": "2025-07-29T14:15:57.417Z", "phone": null, "groups": [], "user_permissions": []}}, {"model": "users.user", "pk": 2, "fields": {"password": "pbkdf2_sha256$1000000$4gp0hewADPviYqT0rWn5in$selduB48OOe6QIkM0VOl7zq4KBFkL2aIEbObEPVKyxA=", "last_login": "2025-08-06T13:30:39.039Z", "is_superuser": false, "username": "Moskva", "first_name": "", "last_name": "", "email": "", "is_staff": false, "is_active": true, "date_joined": "2025-07-29T14:19:47.077Z", "phone": null, "groups": [], "user_permissions": []}}, {"model": "users.user", "pk": 3, "fields": {"password": "pbkdf2_sha256$1000000$Cc54jHQzme0fkMExQsIA12$3n18TRF8HGzABaRULh0GATtuTU2kSazcmTkuQZjz9c4=", "last_login": "2025-08-07T12:10:49.002Z", "is_superuser": false, "username": "Grigoriy", "first_name": "", "last_name": "", "email": "", "is_staff": false, "is_active": true, "date_joined": "2025-08-07T12:10:36.454Z", "phone": null, "groups": [], "user_permissions": []}}, {"model": "users.user", "pk": 4, "fields": {"password": "pbkdf2_sha256$1000000$W7yCigfHuicSZwF5zNRoPP$HvKsmOjPHg7EVp1FGOY2oxwGx0JN5uedDkj/Yy8sKj0=", "last_login": "2025-08-08T14:40:05.713Z", "is_superuser": true, "username": "Zhargal", "first_name": "", "last_name": "", "email": "", "is_staff": true, "is_active": true, "date_joined": "2025-08-08T14:38:40.266Z", "phone": null, "groups": [], "user_permissions": []}}]